Date,BND,SPY,TSLA
2015-01-02,2218800,121465900,71466000
2015-01-05,5820100,169632600,80527500
2015-01-06,3887600,209151400,93928500
2015-01-07,2433400,125346700,44526000
2015-01-08,1873400,147217800,51637500
2015-01-09,1646100,158567300,70024500
2015-01-12,4397900,144396100,89254500
2015-01-13,2223400,214553300,67159500
2015-01-14,2481200,192991100,173278500
2015-01-15,4214500,176613900,78247500
2015-01-16,3631300,211879600,54048000
2015-01-20,3029500,130991100,67548000
2015-01-21,2473900,122942700,62295000
2015-01-22,2157400,174356000,61753500
2015-01-23,6255000,117516800,51579000
2015-01-26,7810500,92009700,48517500
2015-01-27,1154100,134044600,41715000
2015-01-28,1394600,168514300,47244000
2015-01-29,1551300,173585400,53221500
2015-01-30,10474400,197729700,45105000
2015-02-02,6070500,163107000,62238000
2015-02-03,1237200,124212900,72393000
2015-02-04,2945700,134306700,49581000
2015-02-05,2128200,97953200,52843500
2015-02-06,2907700,125672000,48658500
2015-02-09,1384600,87219000,52086000
2015-02-10,1447900,96164200,80857500
2015-02-11,1904000,91087800,146536500
2015-02-12,4662900,97545900,234744000
2015-02-13,1883000,93670400,92865000
2015-02-17,5281500,76968200,59694000
2015-02-18,3813000,80652900,40704000
2015-02-19,1322700,91462500,77311500
2015-02-20,3145800,140896400,89731500
2015-02-23,3952700,74411100,127497000
2015-02-24,2542200,72472300,99054000
2015-02-25,4934600,73061700,58642500
2015-02-26,2187500,72697900,97093500
2015-02-27,4094400,108076000,58231500
2015-03-02,2476100,87491400,118831500
2015-03-03,2648100,110325800,66484500
2015-03-04,1425400,114497200,63330000
2015-03-05,1340800,76873000,73155000
2015-03-06,1580000,188128000,100686000
2015-03-09,1982300,89818900,101050500
2015-03-10,3766100,157121300,83695500
2015-03-11,4829700,110145700,74623500
2015-03-12,8421500,93993500,62239500
2015-03-13,2114500,162410900,81514500
2015-03-16,1203700,136099200,84432000
2015-03-17,1471300,94510400,73411500
2015-03-18,5534300,228808500,72313500
2015-03-19,1208100,117917300,127128000
2015-03-20,1011200,177715100,64042500
2015-03-23,1572700,71784500,39474000
2015-03-24,2300500,77805300,54748500
2015-03-25,1559900,159521700,85956000
2015-03-26,2342500,153067200,61920000
2015-03-27,6542300,118939000,129073500
2015-03-30,1634800,96180400,151342500
2015-03-31,1996000,126768700,75399000
2015-04-01,3132700,137303600,56919000
2015-04-02,791200,86900900,75156000
2015-04-06,1768800,114368200,186837000
2015-04-07,977400,81236300,65218500
2015-04-08,3470700,89351900,94546500
2015-04-09,1025400,85548900,57003000
2015-04-10,4290100,72722900,61015500
2015-04-13,6046400,74436600,56373000
2015-04-14,1398100,75099900,45390000
2015-04-15,1022400,99529300,29286000
2015-04-16,1289900,68934900,24886500
2015-04-17,1693900,191113200,37048500
2015-04-20,2463600,92189500,38389500
2015-04-21,1788000,72559800,51487500
2015-04-22,1501300,78264600,117945000
2015-04-23,5518000,102585900,66168000
2015-04-24,1597900,61327400,36417000
2015-04-27,1591400,79358100,175089000
2015-04-28,1217700,86863500,91281000
2015-04-29,1905200,125684900,59041500
2015-04-30,4229900,161304900,58678500
2015-05-01,7173200,103399700,79225500
2015-05-04,1190000,70927200,66519000
2015-05-05,4175700,113326200,86953500
2015-05-06,3938900,135060200,79063500
2015-05-07,3602900,88244900,141838500
2015-05-08,1735900,155877300,70023000
2015-05-11,929200,75708100,85084500
2015-05-12,2139600,119727600,95451000
2015-05-13,2372000,94667900,81603000
2015-05-14,1485300,95934000,43438500
2015-05-15,1402700,76510100,67914000
2015-05-18,3747700,74549700,50298000
2015-05-19,4856500,72114600,55113000
2015-05-20,4097400,76857500,56334000
2015-05-21,2314100,64764600,29559000
2015-05-22,816600,57433500,33346500
2015-05-26,1178300,124308600,52480500
2015-05-27,2564500,93214000,51123000
2015-05-28,1073300,74974600,54709500
2015-05-29,2494300,124919600,56839500
2015-06-01,1362800,93338800,37576500
2015-06-02,1510000,91531000,32022000
2015-06-03,1390000,87820900,26722500
2015-06-04,1111300,151882800,36804000
2015-06-05,4115300,121704700,45330000
2015-06-08,4954500,89063300,75255000
2015-06-09,2883300,105034700,39166500
2015-06-10,1222800,134551300,51817500
2015-06-11,1815900,73876400,30661500
2015-06-12,1785100,135382400,21334500
2015-06-15,2082900,124384200,32793000
2015-06-16,2250700,85308200,29770500
2015-06-17,865700,126708600,82693500
2015-06-18,1210300,165867900,41740500
2015-06-19,1176700,130478700,36945000
2015-06-22,1020000,70696000,68416500
2015-06-23,1096000,68476800,58062000
2015-06-24,6836900,92307300,36184500
2015-06-25,2894500,97107400,42738000
2015-06-26,963000,104174800,57576000
2015-06-29,2168400,202621300,52183500
2015-06-30,1547800,182925100,46303500
2015-07-01,5399300,135979900,31518000
2015-07-02,1060100,104373700,107458500
2015-07-06,2210700,117975400,61828500
2015-07-07,4183200,173820200,91576500
2015-07-08,1967800,164020100,93316500
2015-07-09,1670900,144113100,50011500
2015-07-10,2038300,129456900,39163500
2015-07-13,2846500,106069400,44404500
2015-07-14,1567700,81709600,28614000
2015-07-15,2631000,97914100,30324000
2015-07-16,1063100,106683300,24240000
2015-07-17,807900,89030000,75061500
2015-07-20,1026900,70446800,74677500
2015-07-21,1422900,77965000,91630500
2015-07-22,1624100,88667900,46575000
2015-07-23,1178400,90509100,33408000
2015-07-24,804300,117755000,42547500
2015-07-27,2022800,132361100,70413000
2015-07-28,1434700,123544800,58437000
2015-07-29,1020500,105791300,41851500
2015-07-30,788000,91304400,30519000
2015-07-31,1589100,103266900,33339000
2015-08-03,2085800,113965700,38302500
2015-08-04,1007300,81820800,35287500
2015-08-05,2097000,85786800,93214500
2015-08-06,1173000,116030800,219357000
2015-08-07,1773800,117858000,76101000
2015-08-10,1173300,80270700,62788500
2015-08-11,1424200,126081400,63973500
2015-08-12,1029700,172123700,55920000
2015-08-13,845500,89383300,70338000
2015-08-14,2279800,72786500,65472000
2015-08-17,821900,79072600,107650500
2015-08-18,1083900,71692700,62925000
2015-08-19,1356600,172946000,54064500
2015-08-20,1536900,194327900,73587000
2015-08-21,3459200,346588500,98853000
2015-08-24,4751800,507244300,143724000
2015-08-25,5325500,369833100,64909500
2015-08-26,2742500,339257000,74445000
2015-08-27,2671000,274143900,114840000
2015-08-28,2723900,160414400,82705500
2015-08-31,3103700,163298800,70503000
2015-09-01,2577700,256000400,81822000
2015-09-02,1934700,160269300,69438000
2015-09-03,2503000,152087800,62922000
2015-09-04,1213800,207081000,55338000
2015-09-08,1194600,116025700,47073000
2015-09-09,4265400,149347700,50862000
2015-09-10,1889000,158611100,40635000
2015-09-11,1411500,119691200,35262000
2015-09-14,905900,79452000,43363500
2015-09-15,1697300,113806200,44002500
2015-09-16,1579000,99581600,66256500
2015-09-17,1833200,276046600,53787000
2015-09-18,1639800,223657500,56446500
2015-09-21,933800,105726200,91803000
2015-09-22,1444000,153890900,54966000
2015-09-23,709000,92790600,39012000
2015-09-24,1454400,159378800,51723000
2015-09-25,1134000,155054800,56601000
2015-09-28,1305000,178515900,73516500
2015-09-29,1256600,159045600,55548000
2015-09-30,4432000,163452000,73944000
2015-10-01,2023700,131079000,68595000
2015-10-02,1770400,211003300,66360000
2015-10-05,4199900,126320800,55348500
2015-10-06,1925300,110274500,78378000
2015-10-07,1871000,124307300,102210000
2015-10-08,1118100,153055200,91998000
2015-10-09,1197400,107069200,92376000
2015-10-12,864100,56395600,57544500
2015-10-13,971700,88038700,77572500
2015-10-14,786300,99106200,46566000
2015-10-15,2264300,134142200,42663000
2015-10-16,1241200,114580100,65017500
2015-10-19,840100,76523900,37618500
2015-10-20,1348200,78448500,223500000
2015-10-21,943500,102038000,62272500
2015-10-22,1101300,174911700,42378000
2015-10-23,1367100,144442300,63532500
2015-10-26,1512200,69033000,50871000
2015-10-27,929400,77905800,52791000
2015-10-28,2617300,135906700,40929000
2015-10-29,943200,90525500,27075000
2015-10-30,1474100,131076900,66583500
2015-11-02,2939200,86270800,58918500
2015-11-03,3997100,95246100,124987500
2015-11-04,3594400,96224500,190896000
2015-11-05,1715400,78408700,67452000
2015-11-06,1198700,110471500,36679500
2015-11-09,2358300,131008700,57763500
2015-11-10,1421000,75874600,69255000
2015-11-11,1303500,67846000,50217000
2015-11-12,1263900,121315200,43738500
2015-11-13,1583300,153577100,51454500
2015-11-16,949100,117645200,43881000
2015-11-17,1155900,121123700,32230500
2015-11-18,944100,121342500,42178500
2015-11-19,1085500,88220500,37566000
2015-11-20,1273800,94011500,66010500
2015-11-23,1647300,64931200,37893000
2015-11-24,1361900,98874400,37204500
2015-11-25,904600,51980100,59862000
2015-11-27,516000,37317800,29241000
2015-11-30,6285200,112822700,39897000
2015-12-01,1780200,97858400,56010000
2015-12-02,1413700,108441300,44722500
2015-12-03,2510600,166224200,44094000
2015-12-04,3815200,192913900,38604000
2015-12-07,1543300,102027100,47163000
2015-12-08,1687300,103372400,40314000
2015-12-09,2076900,162401500,45867000
2015-12-10,2004100,116128900,31075500
2015-12-11,1994400,211173300,49030500
2015-12-14,2974600,182385200,42406500
2015-12-15,1806300,154069600,33666000
2015-12-16,2332700,197017000,76564500
2015-12-17,2290500,173092500,49479000
2015-12-18,3211500,251393500,45213000
2015-12-21,3158300,99094300,29298000
2015-12-22,2348600,111026200,29422500
2015-12-23,2538600,110987200,23325000
2015-12-24,1361700,48539600,10620000
2015-12-28,1580600,65899900,28519500
2015-12-29,2586600,92640700,36094500
2015-12-30,2367200,63317700,55468500
2015-12-31,2419700,114877900,40725000
2016-01-04,2750500,222353500,102406500
2016-01-05,1513600,110845800,47802000
2016-01-06,2391100,152112600,56686500
2016-01-07,2792900,213436100,53314500
2016-01-08,1405100,209817200,54421500
2016-01-11,2146900,187941300,61371000
2016-01-12,1645300,172330500,46378500
2016-01-13,2887800,221168900,61896000
2016-01-14,4545800,240795600,97360500
2016-01-15,1773900,324846400,83679000
2016-01-19,3856700,195244400,60580500
2016-01-20,7796900,286547800,87579000
2016-01-21,3062600,195772900,47493000
2016-01-22,3004100,168319600,46861500
2016-01-25,2164700,130371700,40480500
2016-01-26,2659100,141036800,74463000
2016-01-27,1734400,185681700,54258000
2016-01-28,1487600,143798800,68892000
2016-01-29,3634300,210529300,42784500
2016-02-01,2255300,136061600,79464000
2016-02-02,2554600,182564900,86604000
2016-02-03,3238200,205054900,118971000
2016-02-04,1179000,139531800,65781000
2016-02-05,2360200,180788300,141564000
2016-02-08,2519500,191526700,139695000
2016-02-09,2354500,184513100,129774000
2016-02-10,2553900,148214100,156097500
2016-02-11,1887700,219058900,213786000
2016-02-12,1474600,127632400,108537000
2016-02-16,1488800,120250700,83907000
2016-02-17,2158200,136009500,87378000
2016-02-18,1819100,102343000,58314000
2016-02-19,1862600,114793000,44391000
2016-02-22,1596900,103640300,75901500
2016-02-23,2243700,111455300,89766000
2016-02-24,2434300,150812200,80934000
2016-02-25,2407600,110728300,86260500
2016-02-26,1628400,129833700,90976500
2016-02-29,1827800,125918100,67485000
2016-03-01,2546300,141799700,100683000
2016-03-02,2137300,102415000,72936000
2016-03-03,2750500,95172200,72435000
2016-03-04,1147700,129293600,97336500
2016-03-07,1303200,100219000,79941000
2016-03-08,1713100,123974900,62680500
2016-03-09,2010000,94801200,48129000
2016-03-10,1785600,156838700,77887500
2016-03-11,1422300,137964500,50146500
2016-03-14,1534200,73612000,60985500
2016-03-15,1870200,93169100,47707500
2016-03-16,1402900,129303200,52750500
2016-03-17,1571000,134278500,56743500
2016-03-18,1219400,138372400,70677000
2016-03-21,1613600,72926700,79617000
2016-03-22,2150200,97471900,64740000
2016-03-23,1234500,81052500,74232000
2016-03-24,1752300,84360900,74413500
2016-03-28,2369600,62408200,58885500
2016-03-29,1841800,92922900,60214500
2016-03-30,1624300,86365300,60495000
2016-03-31,3037600,94584100,120193500
2016-04-01,3027400,114423500,239962500
2016-04-04,1452400,63497000,202129500
2016-04-05,2149200,99662200,149230500
2016-04-06,1833100,91839800,175582500
2016-04-07,1533400,113859000,132843000
2016-04-08,1402100,95040600,110458500
2016-04-11,1214400,83757500,137425500
2016-04-12,2388000,115350600,86448000
2016-04-13,1749400,96336400,73884000
2016-04-14,1617200,65212900,61983000
2016-04-15,1181000,75761600,56286000
2016-04-18,1395400,82531000,64071000
2016-04-19,1163600,88316100,95362500
2016-04-20,2388600,81100300,77911500
2016-04-21,1683900,85695000,41746500
2016-04-22,5115300,99251700,56794500
2016-04-25,2483300,66166500,55054500
2016-04-26,1689600,75864200,48357000
2016-04-27,1456400,77329400,48087000
2016-04-28,1625800,97216200,37785000
2016-04-29,2856900,142424100,81207000
2016-05-02,2443700,62188000,57658500
2016-05-03,1765500,106422100,64533000
2016-05-04,2868300,92243800,130507500
2016-05-05,1270700,67619200,168822000
2016-05-06,1520600,89315000,85278000
2016-05-09,1373200,74374900,71646000
2016-05-10,1889300,77472200,61059000
2016-05-11,2381000,81727000,77428500
2016-05-12,1653300,89586300,54757500
2016-05-13,1397400,96474600,42342000
2016-05-16,3132000,77486800,44241000
2016-05-17,1735900,114924900,42654000
2016-05-18,1685900,120062100,84262500
2016-05-19,1464000,115430500,102994500
2016-05-20,2044000,104990400,135106500
2016-05-23,1310700,58682600,76537500
2016-05-24,2656800,93537800,45207000
2016-05-25,1474800,76621400,46902000
2016-05-26,1571700,55280700,61086000
2016-05-27,2045600,64211200,54754500
2016-05-31,1361400,109879400,41835000
2016-06-01,1625600,69936200,44740500
2016-06-02,1503200,63044700,30492000
2016-06-03,1964500,101757100,33435000
2016-06-06,1603100,64887000,33742500
2016-06-07,1283100,60974800,93204000
2016-06-08,1374500,66170900,89580000
2016-06-09,1611200,73786900,67381500
2016-06-10,1575300,113829200,90399000
2016-06-13,1681500,117751200,62895000
2016-06-14,1524200,125059300,53703000
2016-06-15,1345100,109124500,43627500
2016-06-16,1111400,149533100,36604500
2016-06-17,1860800,117055700,46689000
2016-06-20,2347500,82789600,53332500
2016-06-21,1785100,72461700,67935000
2016-06-22,1337700,95560500,356136000
2016-06-23,1152800,102731400,151960500
2016-06-24,2030400,333444400,105397500
2016-06-27,2465500,230775800,108081000
2016-06-28,2971800,159382400,93186000
2016-06-29,2425700,137328600,89923500
2016-06-30,3362300,165021900,72646500
2016-07-01,2531600,106055300,81000000
2016-07-05,3193800,109803700,77629500
2016-07-06,1936800,96021500,73798500
2016-07-07,2032500,85593800,54180000
2016-07-08,1748000,133971000,61122000
2016-07-11,2617100,73633900,81447000
2016-07-12,1775400,101275600,68569500
2016-07-13,1352500,87324100,53506500
2016-07-14,1621500,91230900,40137000
2016-07-15,2233900,107155400,33513000
2016-07-18,2155800,58725900,51181500
2016-07-19,1559600,54345700,46726500
2016-07-20,1688100,58159500,38527500
2016-07-21,2076000,67777300,66430500
2016-07-22,1612000,62787500,38695500
2016-07-25,1204600,55873100,67360500
2016-07-26,2385100,70080500,51450000
2016-07-27,1575400,84083900,43335000
2016-07-28,1418900,65035700,36286500
2016-07-29,2757900,79519400,46062000
2016-08-01,3705700,73311400,60244500
2016-08-02,4575700,92295500,59016000
2016-08-03,3472400,53993600,58317000
2016-08-04,1202000,46585500,62205000
2016-08-05,2018700,71892200,48078000
2016-08-08,1843100,39906500,33954000
2016-08-09,2262700,51251700,33117000
2016-08-10,1672200,57941100,35074500
2016-08-11,1760100,72504300,28213500
2016-08-12,1606000,61313500,27202500
2016-08-15,1942500,49813500,30514500
2016-08-16,2163100,53213600,34006500
2016-08-17,2024600,75134300,26806500
2016-08-18,1750900,52989300,25717500
2016-08-19,1995100,75443000,24892500
2016-08-22,1388100,61368800,30982500
2016-08-23,1668300,53399200,71766000
2016-08-24,2083300,71728900,38560500
2016-08-25,1737800,69224800,26437500
2016-08-26,2874500,122506300,33585000
2016-08-29,1446800,70502200,48994500
2016-08-30,4750700,58114500,47533500
2016-08-31,1911900,85269500,49147500
2016-09-01,3108600,97844200,119146500
2016-09-02,1797500,79293900,89661000
2016-09-06,4316100,56702100,65859000
2016-09-07,1849500,76554900,54613500
2016-09-08,3475600,74102900,50668500
2016-09-09,2888900,221589100,56355000
2016-09-12,3191000,168110900,55728000
2016-09-13,2669800,182828800,53841000
2016-09-14,2124500,134185500,33817500
2016-09-15,1817200,134427900,46158000
2016-09-16,1307800,155236400,46617000
2016-09-19,1558100,80250500,34492500
2016-09-20,1260900,69665300,36157500
2016-09-21,1979800,110284400,39502500
2016-09-22,1473900,76678700,35743500
2016-09-23,1441500,73630900,43578000
2016-09-26,1709200,89827300,35916000
2016-09-27,2458100,78494800,50598000
2016-09-28,2284600,87411000,31326000
2016-09-29,2886200,128070600,40905000
2016-09-30,1663600,117202900,38794500
2016-10-03,1509200,83512100,89998500
2016-10-04,1815500,119948100,53122500
2016-10-05,2666100,72816000,28162500
2016-10-06,1148500,62927400,70551000
2016-10-07,1783300,89788300,52395000
2016-10-10,1425500,51855000,49744500
2016-10-11,1476700,130367400,34926000
2016-10-12,1286400,73866100,29560500
2016-10-13,1625500,101357000,37419000
2016-10-14,1379900,93346200,64048500
2016-10-17,1008900,58275700,68311500
2016-10-18,1167300,76869700,85207500
2016-10-19,1546400,66519200,104868000
2016-10-20,1283200,73639800,76093500
2016-10-21,1018800,89089100,44151000
2016-10-24,1453900,60146600,41274000
2016-10-25,1462100,66542300,36675000
2016-10-26,1144500,75705500,84492000
2016-10-27,1848200,77220200,196405500
2016-10-28,1574400,140623200,64201500
2016-10-31,1664700,61272500,70384500
2016-11-01,1623500,122781800,105900000
2016-11-02,3138400,103330800,63801000
2016-11-03,2335700,88939300,39795000
2016-11-04,1047000,109122100,77190000
2016-11-07,1290000,109794900,58051500
2016-11-08,2509100,106772100,49014000
2016-11-09,3448800,258429000,122596500
2016-11-10,2836000,172113300,101254500
2016-11-11,1580900,100552700,59827500
2016-11-14,2079400,94580000,98283000
2016-11-15,2098100,91652600,58530000
2016-11-16,1629100,65617700,51516000
2016-11-17,1762200,69797200,73306500
2016-11-18,1561600,86265800,78154500
2016-11-21,2074000,72402600,65415000
2016-11-22,1866900,67429000,84051000
2016-11-23,1642900,56620200,73378500
2016-11-25,942700,37872300,35491500
2016-11-28,1352600,76572500,67938000
2016-11-29,1583600,69886700,66589500
2016-11-30,2372200,113291800,53206500
2016-12-01,2998200,79040500,76896000
2016-12-02,1951400,74840300,60634500
2016-12-05,2479500,67837800,61083000
2016-12-06,2337800,59877400,50874000
2016-12-07,4273100,110738100,81928500
2016-12-08,2323000,99714400,47911500
2016-12-09,2697000,88005800,40837500
2016-12-12,3464800,102016100,36583500
2016-12-13,4372500,110477500,102358500
2016-12-14,2971300,142501800,62263500
2016-12-15,2651200,124972600,48294000
2016-12-16,3080100,156420200,56953500
2016-12-19,2936800,90341100,52321500
2016-12-20,5853400,89838800,70336500
2016-12-21,2752300,67909000,78114000
2016-12-22,2851500,56219100,46666500
2016-12-23,2096800,36697800,70057500
2016-12-27,2178300,42672500,88735500
2016-12-28,4097100,64095000,56737500
2016-12-29,3115800,48696100,60675000
2016-12-30,2338200,108998300,69639000
2017-01-03,3312600,91366500,88849500
2017-01-04,3095000,78744400,168202500
2017-01-05,3890400,78379000,88675500
2017-01-06,2287900,71559900,82918500
2017-01-09,1785900,46939700,59692500
2017-01-10,2250700,63771900,54900000
2017-01-11,2327600,74650000,54762000
2017-01-12,2981200,72113200,56853000
2017-01-13,2425000,62717900,91395000
2017-01-17,2188600,61240800,69262500
2017-01-18,1981700,54793300,56535000
2017-01-19,2121300,66608800,115984500
2017-01-20,1836300,129168600,63064500
2017-01-23,1490200,75061600,93943500
2017-01-24,2136000,95555300,74482500
2017-01-25,1897400,84437700,77139000
2017-01-26,2381600,59970700,47281500
2017-01-27,1768700,59711100,47494500
2017-01-30,2699500,79737300,57016500
2017-01-31,2857600,75880800,61741500
2017-02-01,2313400,79117700,59382000
2017-02-02,1745400,69657600,37497000
2017-02-03,2398900,80563200,32800500
2017-02-06,3238100,57790100,53437500
2017-02-07,5239300,57931200,63672000
2017-02-08,2172700,51566200,58995000
2017-02-09,3410400,65955200,117303000
2017-02-10,2011900,66015900,54295500
2017-02-13,1863000,55182100,105444000
2017-02-14,2178300,71109000,110178000
2017-02-15,1503700,86785800,74218500
2017-02-16,3290700,84722400,106159500
2017-02-17,1520000,77204100,93856500
2017-02-21,1811300,88946100,85150500
2017-02-22,1965800,62115200,131325000
2017-02-23,1590500,74615900,223728000
2017-02-24,1703800,82381600,122574000
2017-02-27,2005600,56515400,171912000
2017-02-28,1975700,96961900,91171500
2017-03-01,2954300,149158200,72142500
2017-03-02,2077300,70246000,50277000
2017-03-03,2242600,81974300,43791000
2017-03-06,1880900,55391500,50332500
2017-03-07,1644800,65103700,51892500
2017-03-08,2172700,78168800,55878000
2017-03-09,2761300,90683900,58189500
2017-03-10,3430900,81991700,45994500
2017-03-13,2164600,57256800,45339000
2017-03-14,3620700,59880800,113976000
2017-03-15,2281200,96081800,79962000
2017-03-16,2617800,78344000,106983000
2017-03-17,1293000,89002100,97462500
2017-03-20,1510900,52537000,54214500
2017-03-21,2079000,131809300,103629000
2017-03-22,1339600,97569200,60889500
2017-03-23,1790300,100410300,49803000
2017-03-24,3736700,112504900,84709500
2017-03-27,1870300,87454500,93462000
2017-03-28,1990800,93483900,119814000
2017-03-29,1356800,61950400,55143000
2017-03-30,1403500,56737900,62226000
2017-03-31,2399400,73733100,49419000
2017-04-03,2142600,85546500,208329000
2017-04-04,1983200,56466200,152019000
2017-04-05,2050500,108800600,118213500
2017-04-06,1855300,69135800,82809000
2017-04-07,1608200,74412300,68694000
2017-04-10,1481700,67615300,114967500
2017-04-11,1340500,88045300,85869000
2017-04-12,1801600,81864400,90760500
2017-04-13,1393500,92880400,139269000
2017-04-17,1494600,68405400,62080500
2017-04-18,1782800,83225800,45535500
2017-04-19,1437000,68699900,58470000
2017-04-20,1425700,92572200,92241000
2017-04-21,1241700,110389800,67647000
2017-04-24,2665700,119209900,76252500
2017-04-25,1670900,76698300,101065500
2017-04-26,1876200,84702500,70425000
2017-04-27,1543100,57410300,52029000
2017-04-28,2100000,63532800,67582500
2017-05-01,1478100,66882500,132444000
2017-05-02,1664300,57375700,80742000
2017-05-03,2948400,73137700,107001000
2017-05-04,1216100,61462700,212280000
2017-05-05,1658900,62001300,122659500
2017-05-08,1832300,48385700,105097500
2017-05-09,2532200,51363200,145147500
2017-05-10,1845500,54293800,86124000
2017-05-11,1421500,62358300,71307000
2017-05-12,1510300,53912700,61824000
2017-05-15,1823500,61918900,114330000
2017-05-16,1760600,51241800,62287500
2017-05-17,1987100,172174100,100678500
2017-05-18,1881800,107047700,84807000
2017-05-19,1394700,115011400,70314000
2017-05-22,1570700,61010600,64938000
2017-05-23,1679500,48341700,64776000
2017-05-24,1568700,46927700,75499500
2017-05-25,1108400,64071700,75210000
2017-05-26,952700,46629900,117033000
2017-05-30,1283300,35201900,116743500
2017-05-31,2290100,91796000,149451000
2017-06-01,1710900,68962000,114120000
2017-06-02,1795200,88666100,83853000
2017-06-05,1916200,44698800,101766000
2017-06-06,3262500,50375400,166302000
2017-06-07,1743500,54144300,140970000
2017-06-08,1827800,65950700,135922500
2017-06-09,1404500,132256400,258921000
2017-06-12,2053900,86108100,157765500
2017-06-13,1515100,60067000,177118500
2017-06-14,2472800,78602300,192276000
2017-06-15,2063400,66464900,156397500
2017-06-16,1376200,84553100,100965000
2017-06-19,1776500,65123800,98239500
2017-06-20,1864100,56906400,111580500
2017-06-21,1249600,55977600,73848000
2017-06-22,1195100,44148100,112947000
2017-06-23,1356000,66986800,96687000
2017-06-26,4665500,56700500,99061500
2017-06-27,2374200,82247700,104946000
2017-06-28,1604300,70042600,94537500
2017-06-29,1548100,106949700,123315000
2017-06-30,1978100,86820700,87727500
2017-07-03,1092500,39153800,94581000
2017-07-05,1917100,54427600,255700500
2017-07-06,1827500,65400800,289867500
2017-07-07,2441500,57972300,212653500
2017-07-10,2228800,36663300,207313500
2017-07-11,1931500,50354600,173391000
2017-07-12,1378800,59610400,155191500
2017-07-13,1321400,39471600,128917500
2017-07-14,1201700,60262700,84378000
2017-07-17,1432500,33531900,148153500
2017-07-18,1607300,42742500,95605500
2017-07-19,1589100,51034300,95355000
2017-07-20,1646800,47135200,77493000
2017-07-21,1942000,82340800,73524000
2017-07-24,1417400,46622300,129556500
2017-07-25,1385000,54915600,104838000
2017-07-26,1583000,47575400,72312000
2017-07-27,1224000,70766600,124536000
2017-07-28,1867100,50088400,73206000
2017-07-31,2561600,65838700,128026500
2017-08-01,1783600,55050400,124546500
2017-08-02,1336600,47211200,196372500
2017-08-03,1904800,40856000,203025000
2017-08-04,1046700,60191800,139033500
2017-08-07,1257900,31995000,94867500
2017-08-08,1929000,61719400,111747000
2017-08-09,1808600,62632600,103381500
2017-08-10,1376700,120479500,106393500
2017-08-11,1153400,74869900,65487000
2017-08-14,2082000,73291900,67788000
2017-08-15,1419600,55242700,46276500
2017-08-16,1594800,56715500,51207000
2017-08-17,1723600,128490400,75415500
2017-08-18,1663100,136748000,81123000
2017-08-21,1258400,65469700,97431000
2017-08-22,1157400,63140100,64830000
2017-08-23,1237800,50203800,74317500
2017-08-24,1540200,50741700,68770500
2017-08-25,1453100,64445900,52260000
2017-08-28,1408700,40565600,56460000
2017-08-29,2054300,51135700,61105500
2017-08-30,1150700,62030800,51193500
2017-08-31,1696700,103803900,61092000
2017-09-01,1471200,62007000,45742500
2017-09-05,2008400,91398800,57526500
2017-09-06,1586500,57916900,61371000
2017-09-07,1899100,58034700,63588000
2017-09-08,2702200,63832800,48952500
2017-09-11,1423100,71364800,115006500
2017-09-12,1604300,56896000,89593500
2017-09-13,1594000,59228000,62778000
2017-09-14,1325200,95446300,108037500
2017-09-15,1536200,95432400,81307500
2017-09-18,1756300,46235200,107820000
2017-09-19,1220000,47108100,96778500
2017-09-20,1672500,59574100,73786500
2017-09-21,1168200,48211400,69273000
2017-09-22,1394100,51214000,122391000
2017-09-25,2626100,57064400,114088500
2017-09-26,1446500,54082000,107344500
2017-09-27,1511900,81001400,90904500
2017-09-28,1198400,44778800,79794000
2017-09-29,3001200,85578000,76606500
2017-10-02,3642600,59023000,79302000
2017-10-03,2752100,66810200,152304000
2017-10-04,2616700,55953600,122452500
2017-10-05,2859800,63522800,62575500
2017-10-06,1860000,80646000,64462500
2017-10-09,987800,35803100,112405500
2017-10-10,4719400,43057400,104677500
2017-10-11,1249500,47674300,67512000
2017-10-12,1723400,47065100,61305000
2017-10-13,1772800,54800400,53107500
2017-10-16,1471500,38221700,80632500
2017-10-17,1381100,31561000,49399500
2017-10-18,1522900,40888300,74086500
2017-10-19,1515800,61903800,75927000
2017-10-20,1935600,89176400,73956000
2017-10-23,2649700,63915300,86209500
2017-10-24,2287200,66935900,67375500
2017-10-25,1576700,103715300,128911500
2017-10-26,1915600,69798000,75352500
2017-10-27,1734400,85562500,104695500
2017-10-30,1542600,54285700,63816000
2017-10-31,1977100,60304800,85084500
2017-11-01,1596000,54202700,126859500
2017-11-02,2373200,56449500,296871000
2017-11-03,1370500,59589700,133410000
2017-11-06,1336700,49652600,97290000
2017-11-07,2450800,57502200,79414500
2017-11-08,2312700,50469600,70879500
2017-11-09,2115800,95085500,81706500
2017-11-10,1724400,59984700,69381000
2017-11-13,1698500,50228600,113773500
2017-11-14,1659300,61315200,85141500
2017-11-15,2859400,80811500,89680500
2017-11-16,1637000,67777000,87331500
2017-11-17,2257700,75756800,206026500
2017-11-20,1528300,48075500,123715500
2017-11-21,1925700,69176800,108919500
2017-11-22,1631900,45033400,73764000
2017-11-24,837000,27856500,48661500
2017-11-27,1516900,52274900,68338500
2017-11-28,1846700,98971700,74242500
2017-11-29,1837400,77512100,131511000
2017-11-30,3044100,127894400,65274000
2017-12-01,2384800,164390900,64393500
2017-12-04,1834000,94040600,87526500
2017-12-05,1763900,77994500,69697500
2017-12-06,1509300,75898600,107929500
2017-12-07,1641000,77218600,71709000
2017-12-08,1368300,76563900,52027500
2017-12-11,1780800,83077500,119070000
2017-12-12,2962800,85195800,130998000
2017-12-13,2095400,102905400,93322500
2017-12-14,1998800,100666700,86998500
2017-12-15,2781800,144610300,103998000
2017-12-18,1946900,83653600,82143000
2017-12-19,3307700,82382900,102375000
2017-12-20,2325500,76751500,89307000
2017-12-21,3103400,67032300,65778000
2017-12-22,2566700,78720900,63237000
2017-12-26,1696400,45244400,65676000
2017-12-27,1708000,57751000,70681500
2017-12-28,2235000,45116100,64744500
2017-12-29,2531500,96007400,56658000
2018-01-02,3104500,86655700,65283000
2018-01-03,2216700,90070400,67822500
2018-01-04,2152400,80636400,149194500
2018-01-05,4257400,83524000,68868000
2018-01-08,2587300,57319200,147891000
2018-01-09,2725200,57254000,107199000
2018-01-10,3411400,69574300,64648500
2018-01-11,3381600,62361500,99682500
2018-01-12,2829100,90816100,72376500
2018-01-16,4300500,106555100,97114500
2018-01-17,3674600,113258800,106552500
2018-01-18,2528400,100728000,85287000
2018-01-19,2148300,140920100,73324500
2018-01-22,5473200,91322400,93156000
2018-01-23,2442900,97084700,81981000
2018-01-24,1709700,134816100,79312500
2018-01-25,2537700,84587300,101104500
2018-01-26,1590200,107743100,68091000
2018-01-29,2219700,90118300,71206500
2018-01-30,2735100,131796400,70765500
2018-01-31,3082600,108364800,93211500
2018-02-01,2814300,90102500,62965500
2018-02-02,3137600,173174800,55572000
2018-02-05,4349200,294681800,66961500
2018-02-06,3891500,355026800,76326000
2018-02-07,3797200,167376100,104538000
2018-02-08,4639800,246449500,154719000
2018-02-09,3725500,283565300,194005500
2018-02-12,5336200,143736000,93417000
2018-02-13,2669400,81223600,68403000
2018-02-14,3509700,120735700,59260500
2018-02-15,1981200,111200300,88693500
2018-02-16,1957800,160420100,84639000
2018-02-20,2294300,86369700,60141000
2018-02-21,2330100,98883700,48294000
2018-02-22,2156000,110511300,104547000
2018-02-23,1660600,92766400,87261000
2018-02-26,2715300,86491400,65100000
2018-02-27,3007200,99099200,71961000
2018-02-28,1947700,121907800,91045500
2018-03-01,2877400,176855100,103284000
2018-03-02,4448000,139083200,76392000
2018-03-05,2229100,97307400,57357000
2018-03-06,1905000,79213200,64285500
2018-03-07,2167700,87063500,75109500
2018-03-08,1479700,66901200,53493000
2018-03-09,2290800,113625300,82602000
2018-03-12,2253900,71924800,123960000
2018-03-13,2471700,91968900,89487000
2018-03-14,1733800,105895100,119511000
2018-03-15,1590100,83433000,98472000
2018-03-16,1492000,100343700,91759500
2018-03-19,1328100,109208400,112264500
2018-03-20,2234600,59757300,71464500
2018-03-21,1760300,78709600,89376000
2018-03-22,2871700,148785900,74097000
2018-03-23,2114500,183534800,99823500
2018-03-26,2303700,141956100,125628000
2018-03-27,1693500,129941400,208080000
2018-03-28,3251800,146452300,315021000
2018-03-29,2157300,111601600,227560500
2018-04-02,2336700,186286300,241710000
2018-04-03,2580800,119956900,282666000
2018-04-04,2226300,123715300,298450500
2018-04-05,1978300,82652600,286816500
2018-04-06,2155900,179521200,202804500
2018-04-09,2052000,105442900,153747000
2018-04-10,1854600,103529000,164847000
2018-04-11,1645200,91140200,112243500
2018-04-12,1397700,68890500,114132000
2018-04-13,1461800,85079200,109908000
2018-04-16,1939600,63405300,95077500
2018-04-17,1588500,64682000,105000000
2018-04-18,1721200,57303900,98365500
2018-04-19,1602300,77655900,91359000
2018-04-20,1576600,99953100,84418500
2018-04-23,2263300,65558000,73401000
2018-04-24,2664000,112885500,85279500
2018-04-25,2201300,103840900,60204000
2018-04-26,3297100,67731900,65340000
2018-04-27,1407300,57053600,65469000
2018-04-30,1602900,82182300,63423000
2018-05-01,1410700,74203400,69384000
2018-05-02,1434000,86368900,134556000
2018-05-03,1477700,136311500,260281500
2018-05-04,1342100,91222100,128541000
2018-05-07,1634400,55304900,130173000
2018-05-08,1380900,67499200,88950000
2018-05-09,2260900,59666100,85911000
2018-05-10,1695500,72063900,84774000
2018-05-11,1457800,59871500,70194000
2018-05-14,1519500,54790600,109302000
2018-05-15,1602600,87036100,142788000
2018-05-16,2201300,53942600,85110000
2018-05-17,2036000,56536400,66309000
2018-05-18,1539700,64368000,108778500
2018-05-21,1254900,58025900,137739000
2018-05-22,2225800,52966400,134187000
2018-05-23,1177200,64694200,89776500
2018-05-24,1209400,76043800,62650500
2018-05-25,1039500,56374800,58126500
2018-05-29,2414400,115908600,84999000
2018-05-30,3549700,69678400,112345500
2018-05-31,4272100,93519900,88795500
2018-06-01,3442400,71258400,81366000
2018-06-04,2272100,45385200,71967000
2018-06-05,2760500,51135000,89928000
2018-06-06,2624600,62732200,281509500
2018-06-07,3290700,72969400,215179500
2018-06-08,1977000,72139700,123078000
2018-06-11,1725200,58892500,197752500
2018-06-12,1850400,72329000,335211000
2018-06-13,1542800,79070600,142047000
2018-06-14,3920100,77097600,164715000
2018-06-15,1827800,120041600,162724500
2018-06-18,3510300,52917600,181098000
2018-06-19,2767100,97531500,191428500
2018-06-20,2102200,53785500,125755500
2018-06-21,2695400,71061400,119506500
2018-06-22,1509900,54898500,153991500
2018-06-25,4554800,137854200,103969500
2018-06-26,1670800,68547400,111787500
2018-06-27,1762700,105110700,125005500
2018-06-28,1266500,76650500,125970000
2018-06-29,1419000,97592500,97386000
2018-07-02,1800600,63554800,281397000
2018-07-03,1121900,42187100,184239000
2018-07-05,1991900,56925900,262146000
2018-07-06,1331800,66493700,132982500
2018-07-09,1556600,50550400,113952000
2018-07-10,1661500,51966800,142072500
2018-07-11,3750100,77054700,73261500
2018-07-12,1807800,60124700,85818000
2018-07-13,4071900,48216000,88047000
2018-07-16,1688000,48201000,117280500
2018-07-17,2432200,52315500,104943000
2018-07-18,2182900,44593500,84363000
2018-07-19,1990100,61412100,88729500
2018-07-20,1607800,82337700,77433000
2018-07-23,1427200,47047600,164893500
2018-07-24,1811100,68026900,143862000
2018-07-25,2075200,78882900,106131000
2018-07-26,0,57919500,69457500
2018-07-27,1376600,76768700,85549500
2018-07-30,2115400,63742500,102211500
2018-07-31,3328200,68570500,76153500
2018-08-01,3168600,53853300,151941000
2018-08-02,2817700,63426400,348225000
2018-08-03,2711600,53935400,204847500
2018-08-06,2083800,39400900,128464500
2018-08-07,1886900,43196600,463137000
2018-08-08,2101300,42114600,368568000
2018-08-09,2603800,35717000,257757000
2018-08-10,2414900,77076000,173280000
2018-08-13,3315700,65732900,156958500
2018-08-14,2692700,43842000,104796000
2018-08-15,3051300,102925400,136519500
2018-08-16,2226900,69967900,90960000
2018-08-17,1018100,65618500,284379000
2018-08-20,2473200,39807500,261034500
2018-08-21,1883300,67272000,197583000
2018-08-22,2025500,44993300,89190000
2018-08-23,1447500,49204900,77209500
2018-08-24,1845300,57487400,54039000
2018-08-27,2340800,57072400,196189500
2018-08-28,2375800,46943500,114736500
2018-08-29,1560100,61485500,111711000
2018-08-30,1157400,61229500,108250500
2018-08-31,2888300,66140800,80626500
2018-09-04,2400700,57594400,125257500
2018-09-05,2558000,72452400,115812000
2018-09-06,2133300,65909900,112212000
2018-09-07,2481100,73524800,337378500
2018-09-10,1464300,50210900,214252500
2018-09-11,1496800,50530500,137550000
2018-09-12,1088400,59810800,150231000
2018-09-13,1723800,51034200,95104500
2018-09-14,3196000,55079900,101484000
2018-09-17,2375200,68244000,103314000
2018-09-18,2504000,61930400,248212500
2018-09-19,1968700,49080600,124423500
2018-09-20,2297700,100360600,110241000
2018-09-21,1750600,105479700,75757500
2018-09-24,2915800,53409600,72645000
2018-09-25,1698200,44370000,67225500
2018-09-26,1831100,79739700,117648000
2018-09-27,1374700,59249500,127636500
2018-09-28,2577700,70091400,504745500
2018-10-01,2853300,62078900,326664000
2018-10-02,2597600,47258200,176152500
2018-10-03,2300300,64694600,119925000
2018-10-04,3221400,111545900,147213000
2018-10-05,2299100,105951700,269167500
2018-10-08,1885400,87742200,202090500
2018-10-09,4273200,74339000,180909000
2018-10-10,2813100,214731000,192229500
2018-10-11,3245600,274840500,122515500
2018-10-12,2365700,183186500,108021000
2018-10-15,2077800,102263700,93000000
2018-10-16,2367000,118255800,142896000
2018-10-17,1877300,110626000,129832500
2018-10-18,1681500,134557500,81318000
2018-10-19,1716700,139901600,140632500
2018-10-22,1520000,82415800,84004500
2018-10-23,1934300,146352700,285417000
2018-10-24,1615500,177806700,300874500
2018-10-25,1981000,138061500,312610500
2018-10-26,2224400,201574600,411382500
2018-10-29,1900700,160749100,217290000
2018-10-30,2546300,157116000,136900500
2018-10-31,6206300,128296300,114364500
2018-11-01,3784100,99495000,120001500
2018-11-02,2024600,122634100,117120000
2018-11-05,1858900,65622500,117465000
2018-11-06,2024700,60085900,101443500
2018-11-07,2673700,102752100,110617500
2018-11-08,2233100,65584900,106360500
2018-11-09,1697200,98812600,76482000
2018-11-12,1067200,99673600,104122500
2018-11-13,2735900,98176600,81729000
2018-11-14,2905100,125335900,75604500
2018-11-15,2557800,135101400,69385500
2018-11-16,1811300,126668000,108093000
2018-11-19,2495900,103061700,145633500
2018-11-20,1891300,136021300,120070500
2018-11-21,3871300,75563700,70302000
2018-11-23,644500,42807900,63039000
2018-11-26,1520500,79981400,119881500
2018-11-27,2563100,75502400,95374500
2018-11-28,2217500,127629600,61914000
2018-11-29,2395900,82346400,46210500
2018-11-30,2181200,98204200,84436500
2018-12-03,2187500,103176300,124597500
2018-12-04,3204700,177986000,126928500
2018-12-06,4447800,204185400,117637500
2018-12-07,3806000,161018900,172668000
2018-12-10,2712100,151445900,99202500
2018-12-11,4157200,121504400,94632000
2018-12-12,2662400,97976700,75405000
2018-12-13,2587600,96662700,110488500
2018-12-14,3490600,116961100,95064000
2018-12-17,2924300,165492300,115110000
2018-12-18,3210700,134515100,106500000
2018-12-19,3117500,214992800,124113000
2018-12-20,3451000,252053400,136078500
2018-12-21,4516100,255345600,120252000
2018-12-24,6031000,147311600,83398500
2018-12-26,5912400,218485400,122446500
2018-12-27,2751800,186267300,128626500
2018-12-28,3495100,153100200,149085000
2018-12-31,5651100,144299400,94534500
2019-01-02,4142500,126925200,174879000
2019-01-03,4908400,144140700,104478000
2019-01-04,4583600,142628800,110911500
2019-01-07,4121700,103139100,113268000
2019-01-08,1745400,102512600,105127500
2019-01-09,1989600,95006600,81493500
2019-01-10,2579900,96823900,90846000
2019-01-11,3097100,73858100,75586500
2019-01-14,2395700,70908200,78709500
2019-01-15,1742900,85208300,90849000
2019-01-16,1697700,77636700,70375500
2019-01-17,2394700,96118400,55150500
2019-01-18,3722400,127900300,362262000
2019-01-22,3917700,115531200,181000500
2019-01-23,2536100,86030300,187950000
2019-01-24,2700300,59204100,120183000
2019-01-25,2073100,96883400,108744000
2019-01-28,2938200,85613700,96349500
2019-01-29,1772300,66136300,69325500
2019-01-30,2961400,92473700,168754500
2019-01-31,3698100,104012100,188538000
2019-02-01,3335000,85782500,109251000
2019-02-04,4078600,60744800,110281500
2019-02-05,2400300,79552800,101142000
2019-02-06,2724700,58347800,75577500
2019-02-07,2474700,95482000,97809000
2019-02-08,1538700,75788900,87663000
2019-02-11,2600900,68021400,106945500
2019-02-12,1541200,72270200,82764000
2019-02-13,1631600,65277200,77124000
2019-02-14,1895800,83234400,78012000
2019-02-15,1917900,97088700,58573500
2019-02-19,3792100,59120800,62526000
2019-02-20,1768400,76610800,107131500
2019-02-21,3411400,64214700,133638000
2019-02-22,1936600,78114600,86109000
2019-02-25,2244600,69030700,99397500
2019-02-26,1405200,56844100,128737500
2019-02-27,1323000,56921600,167758500
2019-02-28,4028500,69268300,157810500
2019-03-01,3035000,78880500,343671000
2019-03-04,2531300,106494600,256452000
2019-03-05,1924500,59114600,281470500
2019-03-06,1629000,75039800,155032500
2019-03-07,2322200,94885100,141637500
2019-03-08,4388500,85795800,132294000
2019-03-11,1891100,65098900,110884500
2019-03-12,1958500,79667500,112561500
2019-03-13,1318600,80639200,102670500
2019-03-14,4058400,67518400,106551000
2019-03-15,1639300,81309000,221782500
2019-03-18,5344200,62199800,154215000
2019-03-19,2702400,90268100,177009000
2019-03-20,2528700,84609200,103623000
2019-03-21,1980500,79550400,89206500
2019-03-22,2734000,122659300,131184000
2019-03-25,2034000,85575200,153225000
2019-03-26,3527200,68125900,110263500
2019-03-27,2121900,72224700,131688000
2019-03-28,1818300,56238500,101611500
2019-03-29,1937000,82186800,89869500
2019-04-01,4106700,77617900,121656000
2019-04-02,6305600,40070400,82183500
2019-04-03,2177300,68243200,118791000
2019-04-04,1586000,48997500,355810500
2019-04-05,2131700,58621700,195574500
2019-04-08,3794200,53566300,156156000
2019-04-09,1919100,66142300,88560000
2019-04-10,3414300,52601500,105919500
2019-04-11,2641800,55093100,147538500
2019-04-12,1821800,69727800,101190000
2019-04-15,1671300,49596700,150579000
2019-04-16,2002000,52153200,109093500
2019-04-17,1797500,58268300,76897500
2019-04-18,1604600,68708500,88144500
2019-04-22,1840100,40160100,182206500
2019-04-23,2643500,52246600,164158500
2019-04-24,1370500,50392900,160912500
2019-04-25,1238100,57770900,327741000
2019-04-26,1622500,50916400,335410500
2019-04-29,1737800,57197700,250717500
2019-04-30,2376200,81111700,141969000
2019-05-01,2035300,71671900,160566000
2019-05-02,2061100,65030200,272389500
2019-05-03,1877500,56543700,355602000
2019-05-06,2261500,107198100,162508500
2019-05-07,3223200,144729900,151971000
2019-05-08,4750500,91568300,92646000
2019-05-09,1926100,103471100,100671000
2019-05-10,4679900,112429300,105124500
2019-05-13,3427000,127290500,162522000
2019-05-14,4478100,77003200,108786000
2019-05-15,1940900,73956400,109440000
2019-05-16,1862700,76749600,112249500
2019-05-17,1615200,100353000,266800500
2019-05-20,2188000,62877600,307893000
2019-05-21,1747000,46847100,270058500
2019-05-22,4000500,49482500,280278000
2019-05-23,5334000,98733800,398206500
2019-05-24,1770100,55268100,212049000
2019-05-28,1910600,70029400,154693500
2019-05-29,3142700,104972900,179529000
2019-05-30,2253600,62523800,118897500
2019-05-31,5898700,86862800,156100500
2019-06-03,3787000,96428000,195966000
2019-06-04,2906700,77231900,207112500
2019-06-05,7341700,71169700,202662000
2019-06-06,2995300,69430400,303633000
2019-06-07,2490100,74272200,240052500
2019-06-10,2417400,60799100,158775000
2019-06-11,3362100,58641300,174802500
2019-06-12,1904400,47096300,227962500
2019-06-13,1946300,48945200,122524500
2019-06-14,2260700,52324700,111501000
2019-06-17,2792600,39205700,184752000
2019-06-18,3342000,85434800,190737000
2019-06-19,2496900,78674400,98626500
2019-06-20,2171600,116570000,177952500
2019-06-21,2398100,83309500,123031500
2019-06-24,2803800,47582700,86262000
2019-06-25,2699800,82028700,92731500
2019-06-26,2195800,51584900,127608000
2019-06-27,2021400,40355200,95095500
2019-06-28,2554600,59350900,102771000
2019-07-01,2354400,78705600,123201000
2019-07-02,3127100,61504500,138885000
2019-07-03,1720800,40898900,213016500
2019-07-05,2356800,51677300,105985500
2019-07-08,1761500,45841800,88207500
2019-07-09,1839400,41101300,92862000
2019-07-10,2097200,58448500,137185500
2019-07-11,3024100,50826100,112716000
2019-07-12,2265000,40326000,138007500
2019-07-15,2245900,33900000,165001500
2019-07-16,2294100,36650100,122235000
2019-07-17,2062300,36036300,146470500
2019-07-18,3323200,51392600,71379000
2019-07-19,2167300,58678600,105726000
2019-07-22,1725500,43638100,102636000
2019-07-23,1799600,44564500,75346500
2019-07-24,2535800,47213200,166092000
2019-07-25,2199000,55394100,336274500
2019-07-26,2413500,45084100,150415500
2019-07-29,1771900,38126500,139099500
2019-07-30,1968800,45849000,121635000
2019-07-31,2628700,104245200,137673000
2019-08-01,3278400,142646600,123892500
2019-08-02,5392400,116749700,92047500
2019-08-05,4284300,178745400,105424500
2019-08-06,4939700,120711700,83463000
2019-08-07,5516400,140572300,71647500
2019-08-08,3244200,87713900,79114500
2019-08-09,2832800,93730000,58473000
2019-08-12,3008000,65527600,69958500
2019-08-13,3299800,94299800,72721500
2019-08-14,3395400,135622100,143439000
2019-08-15,4358100,99556600,122394000
2019-08-16,3913600,83018300,76477500
2019-08-19,3640100,53571800,79644000
2019-08-20,2568100,51596400,61878000
2019-08-21,2532300,49524700,116914500
2019-08-22,3232600,51666400,98385000
2019-08-23,3100100,149161500,128079000
2019-08-26,2358800,72423800,75778500
2019-08-27,2450800,66668900,81243000
2019-08-28,3352400,59696700,48382500
2019-08-29,2812400,57899400,77692500
2019-08-30,2861800,62901200,139809000
2019-09-03,3345800,69101400,80311500
2019-09-04,2864100,46887300,86415000
2019-09-05,3162800,83258100,110929500
2019-09-06,2764600,49584300,62841000
2019-09-09,2618400,51260300,72040500
2019-09-10,2425900,57947100,73255500
2019-09-11,2030200,68821100,150642000
2019-09-12,3025200,72908700,128718000
2019-09-13,3111300,62104800,79696500
2019-09-16,2971000,58191200,70921500
2019-09-17,2974900,41475500,57981000
2019-09-18,2557800,73375800,62553000
2019-09-19,2631100,76560500,71937000
2019-09-20,2436700,89565000,95295000
2019-09-23,2365800,43476800,65103000
2019-09-24,3043500,94869400,193372500
2019-09-25,3009500,71854000,141406500
2019-09-26,2909900,56179700,178267500
2019-09-27,2778400,84746600,166746000
2019-09-30,5258400,51662400,88197000
2019-10-01,5383100,88242400,92439000
2019-10-02,3741400,122539500,84471000
2019-10-03,3149600,85278800,226267500
2019-10-04,3309600,65091200,119925000
2019-10-07,4701400,59610500,120963000
2019-10-08,3876100,95708100,130173000
2019-10-09,3187900,62359400,103416000
2019-10-10,3683300,55296300,94249500
2019-10-11,3411200,98720400,127131000
2019-10-14,1600400,40394800,153075000
2019-10-15,2408500,46754500,96492000
2019-10-16,2549900,48928200,100261500
2019-10-17,2420600,45736600,71539500
2019-10-18,2467600,64304000,86247000
2019-10-21,2328000,39048600,75304500
2019-10-22,4545600,48594700,69012000
2019-10-23,4250400,34352200,78916500
2019-10-24,2353700,35453100,445813500
2019-10-25,2157500,45205400,450091500
2019-10-28,2861600,42147000,283054500
2019-10-29,2729800,44284900,190264500
2019-10-30,2831800,49643900,144627000
2019-10-31,3058400,69053800,76005000
2019-11-01,2771900,71141500,95758500
2019-11-04,2444500,60606900,131805000
2019-11-05,2890600,42933200,104151000
2019-11-06,3147000,46487100,119113500
2019-11-07,3767100,54272300,217009500
2019-11-08,2130600,49032100,91038000
2019-11-11,1926100,35797300,149800500
2019-11-12,3072600,46484600,110391000
2019-11-13,2690800,53917700,126301500
2019-11-14,2299700,51219900,96973500
2019-11-15,2342200,62023600,72135000
2019-11-18,3553000,49228000,66006000
2019-11-19,3712600,67804700,115872000
2019-11-20,4924100,79406200,100876500
2019-11-21,2779600,54664700,91650000
2019-11-22,3119700,44850200,253059000
2019-11-25,3444700,48647200,185092500
2019-11-26,3207400,37569000,119211000
2019-11-27,2293000,44444600,83334000
2019-11-29,2535100,36592700,36984000
2019-12-02,3745800,75767800,91117500
2019-12-03,3393600,73941700,98605500
2019-12-04,3876800,49080000,82995000
2019-12-05,2850000,40709000,55869000
2019-12-06,4121700,48927000,114186000
2019-12-09,2795100,34838500,135346500
2019-12-10,2700500,52649800,132424500
2019-12-11,2581800,53429100,103467000
2019-12-12,4645900,96389600,116458500
2019-12-13,3877700,81503900,98563500
2019-12-16,2876500,82749700,272613000
2019-12-17,3282700,61097700,127452000
2019-12-18,3786100,48133000,211815000
2019-12-19,3240600,85310500,271606500
2019-12-20,3646300,147142100,221290500
2019-12-23,4192500,52990000,199794000
2019-12-24,1682800,20270000,120820500
2019-12-26,2036400,30911200,159508500
2019-12-27,1940300,42528800,149185500
2019-12-30,2562000,49729100,188796000
2019-12-31,5931300,57077300,154285500
2020-01-02,5511000,59151200,142981500
2020-01-03,5368300,77709700,266677500
2020-01-06,3710400,55653900,151995000
2020-01-07,3029900,40496400,268231500
2020-01-08,3674400,68296000,467164500
2020-01-09,5886600,48473300,426606000
2020-01-10,4525700,53029300,194392500
2020-01-13,3735700,47086800,397764000
2020-01-14,3492300,62832800,434943000
2020-01-15,2594300,72056600,260532000
2020-01-16,4784100,54050300,326050500
2020-01-17,3090600,95846000,204436500
2020-01-21,2910600,77742400,267052500
2020-01-22,4192100,48914900,470535000
2020-01-23,3104800,51963000,294765000
2020-01-24,4548400,87578400,215304000
2020-01-27,3208600,84062500,204121500
2020-01-28,3993400,63834000,176827500
2020-01-29,4177500,53888900,267022500
2020-01-30,4795700,75491800,435085500
2020-01-31,6264000,113845600,235789500
2020-02-03,6030800,69083000,705975000
2020-02-04,4180900,62573200,914082000
2020-02-05,3537200,65951100,726357000
2020-02-06,3435700,50359700,598212000
2020-02-07,4169700,64139400,255952500
2020-02-10,2785500,42070000,370338000
2020-02-11,3799400,54864500,175462500
2020-02-12,4127500,43992700,180337500
2020-02-13,2852500,54501900,394339500
2020-02-14,3069000,64582200,235405500
2020-02-18,3645200,57226200,245725500
2020-02-19,3109600,48814700,381345000
2020-02-20,8404000,74163400,264523500
2020-02-21,6561500,113788200,214722000
2020-02-24,6314500,161088400,227883000
2020-02-25,7928900,218913200,259357500
2020-02-26,8015900,194773800,211282500
2020-02-27,9514600,284353500,364158000
2020-02-28,16377200,384975800,363343500
2020-03-02,10154400,238703600,302925000
2020-03-03,9323900,300139100,386760000
2020-03-04,7445600,176613400,225735000
2020-03-05,5385000,186366800,162790500
2020-03-06,10176200,228667200,189943500
2020-03-09,12445600,309417300,256105500
2020-03-10,14177600,276444100,233916000
2020-03-11,10511600,255316300,199837500
2020-03-12,16986900,392220700,283636500
2020-03-13,14137500,329566100,339604500
2020-03-16,8411000,297240000,307342500
2020-03-17,13629700,262070500,359919000
2020-03-18,10076800,327597100,356793000
2020-03-19,11007200,289322000,452932500
2020-03-20,8864500,347158800,424282500
2020-03-23,10973300,326025200,246817500
2020-03-24,9371200,235494500,343428000
2020-03-25,9655500,299430300,318340500
2020-03-26,10803800,257632800,260710500
2020-03-27,4975200,224341200,215661000
2020-03-30,6030800,171369500,179971500
2020-03-31,8523900,194881100,266572500
2020-04-01,5995000,189554600,200298000
2020-04-02,6356100,177660400,297876000
2020-04-03,4151200,135561200,338431500
2020-04-06,4373100,188061200,223527000
2020-04-07,6009600,201427200,268797000
2020-04-08,4572300,153774500,189840000
2020-04-09,5070700,189999200,204750000
2020-04-13,7018100,114839100,337131000
2020-04-14,5818300,134143400,458647500
2020-04-15,3922500,121775000,353655000
2020-04-16,3459600,131798300,309868500
2020-04-17,3528300,146684800,196923000
2020-04-20,3705200,100109300,221199000
2020-04-21,4513000,126385700,303136500
2020-04-22,3240100,92951600,212482500
2020-04-23,2587200,104709700,198550500
2020-04-24,2272600,85063200,198180000
2020-04-27,3117300,77896600,310221000
2020-04-28,3118800,105270000,228330000
2020-04-29,4867500,118745600,243240000
2020-04-30,5390100,122901700,427078500
2020-05-01,4857100,125180000,487977000
2020-05-04,7276600,80873200,288556500
2020-05-05,3625600,79569900,254875500
2020-05-06,5006600,73632600,166848000
2020-05-07,3425600,75250400,172915500
2020-05-08,3078900,76452400,241297500
2020-05-11,4344300,79514200,247794000
2020-05-12,3942700,95870800,238603500
2020-05-13,2628900,144721100,285982500
2020-05-14,2844700,121977900,205233000
2020-05-15,2871300,111146300,157776000
2020-05-18,3573700,119703800,174987000
2020-05-19,3083000,95189300,144547500
2020-05-20,4388600,85861700,109639500
2020-05-21,5762200,78293900,183819000
2020-05-22,3710300,63958200,149812500
2020-05-26,5193900,88951400,121345500
2020-05-27,7606400,104817400,173242500
2020-05-28,7381900,90405200,108834000
2020-05-29,6196500,119090800,176467500
2020-06-01,4345600,55758300,224092500
2020-06-02,5445500,74267200,203484000
2020-06-03,5036400,92567600,119242500
2020-06-04,6341700,75794400,133315500
2020-06-05,6465600,150524700,117178500
2020-06-08,4491000,73641200,212620500
2020-06-09,5445200,77479200,170823000
2020-06-10,3951600,95000800,278451000
2020-06-11,5026500,209243600,238747500
2020-06-12,4087300,194678900,251451000
2020-06-15,4486100,135782700,235458000
2020-06-16,9338500,137627500,210766500
2020-06-17,3900300,83398900,148362000
2020-06-18,2988600,80828700,146278500
2020-06-19,2606400,135549600,130195500
2020-06-22,3048400,74649400,95436000
2020-06-23,3037100,68471200,95479500
2020-06-24,3256700,132813500,164394000
2020-06-25,4318400,89468000,138817500
2020-06-26,2911700,127961000,132823500
2020-06-29,3047300,79773300,135396000
2020-06-30,5405900,113394800,253777500
2020-07-01,3569200,72396500,199903500
2020-07-02,4007000,69344200,258751500
2020-07-06,4026800,61713800,308548500
2020-07-07,3300800,82910000,322345500
2020-07-08,2908100,54638600,244669500
2020-07-09,3189700,83354200,175764000
2020-07-10,2960500,57550400,350064000
2020-07-13,3115800,102997500,584781000
2020-07-14,3067300,93657000,351271500
2020-07-15,3349900,87196500,245517000
2020-07-16,2856100,54622500,214512000
2020-07-17,2430300,62774900,139950000
2020-07-20,2771000,56308800,256821000
2020-07-21,3044700,57292200,241608000
2020-07-22,5609100,57792900,212416500
2020-07-23,4394900,75738000,364927500
2020-07-24,2980400,73766600,290949000
2020-07-27,5146900,48293000,240730500
2020-07-28,5547800,57495000,237130500
2020-07-29,3136200,48454200,141403500
2020-07-30,2621100,61861700,114315000
2020-07-31,5110000,84986800,183123000
2020-08-03,6270000,53077900,132139500
2020-08-04,5325100,41917900,126225000
2020-08-05,4931500,42697700,74217000
2020-08-06,3933400,43679400,89884500
2020-08-07,3764400,57308300,133446000
2020-08-10,3708400,44282100,112834500
2020-08-11,8125700,69601100,129387000
2020-08-12,4530800,53774400,327441000
2020-08-13,3969800,41816100,306379500
2020-08-14,3454400,47260400,188664000
2020-08-17,3995400,35481000,303634500
2020-08-18,6371100,38733900,247117500
2020-08-19,4628100,68054200,183079500
2020-08-20,4623400,42207800,309177000
2020-08-21,3642100,55106600,322344000
2020-08-24,2960400,48588700,300954000
2020-08-25,4830800,38463400,159883500
2020-08-26,4853800,50790200,213591000
2020-08-27,5125700,58034100,355395000
2020-08-28,4281200,48588900,301218000
2020-08-31,16000300,66099200,355123200
2020-09-01,7201700,54908700,269523300
2020-09-02,5054900,69540000,288528300
2020-09-03,7543900,148011100,262788300
2020-09-04,6588300,139156300,330965700
2020-09-08,4440300,114465300,346397100
2020-09-09,6048200,91462300,238397400
2020-09-10,5331800,90569500,254791800
2020-09-11,5301400,84680200,182152500
2020-09-14,4256400,65605700,249061800
2020-09-15,3746900,52920900,291894600
2020-09-16,4851800,82096000,216837900
2020-09-17,2815400,91523300,230337600
2020-09-18,2938800,105877900,259220400
2020-09-21,4981500,99450800,328430400
2020-09-22,4442200,63612100,238742400
2020-09-23,4659600,93112200,285222600
2020-09-24,4225900,76681300,289683300
2020-09-25,5602600,71069400,201625500
2020-09-28,4215100,64584600,149158800
2020-09-29,7929700,51304000,150657900
2020-09-30,6113600,104081100,144436800
2020-10-01,4485900,88698700,152224500
2020-10-02,5557100,89431100,214290000
2020-10-05,6298400,45713100,134168400
2020-10-06,5705900,90128900,147438900
2020-10-07,3494600,56999600,129383100
2020-10-08,5661600,45242500,121263300
2020-10-09,4105000,59528600,86777100
2020-10-12,3383500,80388500,116373300
2020-10-13,4121100,73255500,103391100
2020-10-14,6966400,57727900,143639100
2020-10-15,3877900,60357700,107017200
2020-10-16,3424500,89501900,98327700
2020-10-19,5206600,68425600,108863400
2020-10-20,4652700,60051900,94968900
2020-10-21,4115700,63575000,97111500
2020-10-22,5036700,55399300,119979600
2020-10-23,3237300,49143900,101151000
2020-10-26,4177000,91473000,84717600
2020-10-27,3293100,65994100,68059500
2020-10-28,4766400,127094300,76354200
2020-10-29,4200700,90597700,67965900
2020-10-30,9731400,120287300,127533900
2020-11-02,4021200,86068300,87063300
2020-11-03,3985400,93294200,103055100
2020-11-04,5667400,126959700,96429300
2020-11-05,4128700,82039700,85243500
2020-11-06,3844500,74973000,65118000
2020-11-09,5712700,172304200,104499000
2020-11-10,5169600,85552000,90852600
2020-11-11,3365700,58649000,52073100
2020-11-12,4178500,67546200,59565300
2020-11-13,3199500,62892200,59313300
2020-11-16,4059400,74541100,80515800
2020-11-17,5537500,66111000,183564900
2020-11-18,6089500,70591300,234132000
2020-11-19,6207000,59940900,187425900
2020-11-20,6611300,70417300,98735700
2020-11-23,3506600,63230600,150780900
2020-11-24,4678800,62415900,160945500
2020-11-25,5282000,45330900,146790600
2020-11-27,2226300,28514100,112683300
2020-11-30,4729900,83872700,189009300
2020-12-01,7331400,74231400,120310500
2020-12-02,4631300,45927000,143327100
2020-12-03,3685300,62882000,127656000
2020-12-04,4880200,50749900,88203900
2020-12-07,4734800,48944300,168929100
2020-12-08,3737300,42458900,192795000
2020-12-09,5163900,74098300,213873600
2020-12-10,4731400,57735400,201249600
2020-12-11,5317100,57698600,139425000
2020-12-14,5176800,69216200,156121800
2020-12-15,6539900,63865300,135214500
2020-12-16,4186700,58420500,126287400
2020-12-17,4963600,64119500,168810300
2020-12-18,3472700,136542300,666378600
2020-12-21,5364200,96386700,174135900
2020-12-22,4697300,47949000,155148000
2020-12-23,5643700,46201400,99519000
2020-12-24,1980900,26457900,68596800
2020-12-28,4706500,39000400,96835800
2020-12-29,4884800,53680500,68732400
2020-12-30,3609800,49455300,128538000
2020-12-31,6134900,78520700,148949700
2021-01-04,7568400,110210800,145914600
2021-01-05,6452700,66426200,96735600
2021-01-06,5933700,107997700,134100000
2021-01-07,6196100,68766800,154496700
2021-01-08,7688800,71677200,225166500
2021-01-11,5404300,51034700,177904800
2021-01-12,6078800,52547700,138812100
2021-01-13,7357100,45303600,99937500
2021-01-14,7191900,49989100,93798900
2021-01-15,4083600,107160000,116332800
2021-01-19,7636500,51233300,76101000
2021-01-20,5889500,61836100,76997700
2021-01-21,7890800,47840100,61563300
2021-01-22,4439800,52860500,60199500
2021-01-25,5126900,70402000,123520200
2021-01-26,4608700,42665300,69394800
2021-01-27,4248500,123351100,82002000
2021-01-28,4359300,94198100,79134000
2021-01-29,6088400,126765100,104972400
2021-02-01,5774700,75817600,76174200
2021-02-02,4554500,64450700,73038600
2021-02-03,4271700,52427100,55030500
2021-02-04,4652200,47142600,47438100
2021-02-05,4401300,48669800,55699800
2021-02-08,5571500,38365200,60485100
2021-02-09,4474000,35551100,45473100
2021-02-10,3735500,59154400,108648300
2021-02-11,4578200,42913300,64868400
2021-02-12,4825400,50593300,71304900
2021-02-16,6702200,50972400,59406900
2021-02-17,5217000,52290600,77989500
2021-02-18,4607000,59712800,53871300
2021-02-19,4011100,83241000,56874900
2021-02-22,4809400,67414200,111809100
2021-02-23,6475900,107284100,199820700
2021-02-24,5164600,72433900,110301000
2021-02-25,9956100,146670500,117071700
2021-02-26,8580200,152701600,123267600
2021-03-01,7152000,105348800,81408600
2021-03-02,5338800,79595300,71196600
2021-03-03,6022500,119940200,90624000
2021-03-04,9701800,183433000,197758500
2021-03-05,6871000,152039600,268189500
2021-03-08,5806700,123149200,155361000
2021-03-09,7671800,113633600,202569900
2021-03-10,5286700,109899400,181817100
2021-03-11,5510000,86245000,108761700
2021-03-12,5717100,64653600,100751400
2021-03-15,5012200,73427200,88006800
2021-03-16,6159100,73722500,96587100
2021-03-17,7370600,97959300,121117500
2021-03-18,4905200,115349100,99674400
2021-03-19,4969200,113624500,128682000
2021-03-22,4748300,73778600,118536600
2021-03-23,5148600,90686600,91475700
2021-03-24,5148200,97588600,101385600
2021-03-25,3876300,116128600,117674700
2021-03-26,3376200,114409100,101558400
2021-03-29,3775500,108107600,85911000
2021-03-30,4769200,76262200,118297200
2021-03-31,6949300,112734200,100011900
2021-04-01,4780200,99682900,105895200
2021-04-05,8200600,91684800,125528400
2021-04-06,5400600,62021000,84815400
2021-04-07,5480200,55836300,78928200
2021-04-08,3872300,57863100,71772900
2021-04-09,9748500,61104600,64311300
2021-04-12,3995700,56704900,87407100
2021-04-13,4097500,56551000,133958400
2021-04-14,4592300,61659900,147052200
2021-04-15,5395000,60229800,83546700
2021-04-16,6199700,82037300,83938500
2021-04-19,6165300,78498500,119058600
2021-04-20,6383700,81851800,106827000
2021-04-21,4508300,66793000,93646500
2021-04-22,4007800,97582800,106770900
2021-04-23,6435700,73209200,85110000
2021-04-26,3797400,52182400,93115500
2021-04-27,4450300,51303100,88311000
2021-04-28,5479200,51238900,66813000
2021-04-29,6247600,78544300,86536200
2021-04-30,6867600,85527000,122276100
2021-05-03,4601200,68128300,81129300
2021-05-04,5520300,101591200,89217900
2021-05-05,5950300,60162200,65705700
2021-05-06,4143600,74321400,83353800
2021-05-07,4886300,67733800,70407600
2021-05-10,6211800,81852400,94177200
2021-05-11,6630800,116888000,139511700
2021-05-12,7011700,134811000,101470800
2021-05-13,6991000,106394000,132554700
2021-05-14,6262100,82201600,100112700
2021-05-17,4753000,65129200,97171200
2021-05-18,4631000,59810200,110491800
2021-05-19,6511300,106467100,118735200
2021-05-20,5283900,78022200,92463300
2021-05-21,5050800,76578700,78091800
2021-05-24,6954500,51376700,103674300
2021-05-25,5235500,57451400,84017700
2021-05-26,4834400,43088600,85917900
2021-05-27,5215200,56707700,79111800
2021-05-28,5258500,58520200,68211000
2021-06-01,5398000,54216600,54254700
2021-06-02,5479900,49097100,69908400
2021-06-03,4829000,58138800,90335700
2021-06-04,19321400,55938800,72110700
2021-06-07,10706500,51555000,67631100
2021-06-08,5099600,47134300,78160200
2021-06-09,4810300,48436300,49753800
2021-06-10,7400300,51020100,71758800
2021-06-11,4194500,45570800,48615900
2021-06-14,4438400,42358500,61272000
2021-06-15,6173600,51508500,53292300
2021-06-16,7302400,80386100,66432300
2021-06-17,6467500,90949700,68104200
2021-06-18,5842800,118676300,73682700
2021-06-21,7907000,72822000,74438100
2021-06-22,4082900,57700300,57476700
2021-06-23,5739900,49445400,93297600
2021-06-24,4852100,45110300,137947200
2021-06-25,6018500,58129500,97490100
2021-06-28,5664100,53159600,64884600
2021-06-29,10672700,35970500,52143900
2021-06-30,4846600,64827900,56774700
2021-07-01,5768000,53441000,55903500
2021-07-02,4315700,57697700,81163500
2021-07-06,5711600,68710400,69853500
2021-07-07,5933900,63549500,56376000
2021-07-08,6991200,97595200,68319900
2021-07-09,10304900,76238600,54421500
2021-07-12,9073900,52889600,77781000
2021-07-13,8583600,52911300,62898300
2021-07-14,5036200,64130400,64923600
2021-07-15,3423000,55126400,60628800
2021-07-16,5725100,75874700,49113000
2021-07-19,6493300,147987000,63891300
2021-07-20,6762200,99608200,46461300
2021-07-21,6293000,64724400,41859900
2021-07-22,4894900,47878500,45317100
2021-07-23,8887500,63766600,43814700
2021-07-26,5427900,43719200,76009800
2021-07-27,4344100,67397100,98439900
2021-07-28,6636700,52472400,48019800
2021-07-29,5201000,47435300,91183800
2021-07-30,7557200,68951200,88969200
2021-08-02,4660800,58783300,100847400
2021-08-03,5297700,58053900,64860900
2021-08-04,3916900,46732200,51007800
2021-08-05,4613800,38969700,38758800
2021-08-06,4329800,46930000,46869000
2021-08-09,4541300,41222600,44145900
2021-08-10,4312300,43339300,40296900
2021-08-11,6494000,44034300,29401800
2021-08-12,4946500,38909400,52377300
2021-08-13,4329600,39470300,50194500
2021-08-16,3918900,73740000,68032200
2021-08-17,7168400,92673900,71163900
2021-08-18,4561900,89351900,61048200
2021-08-19,5345600,92812200,42940500
2021-08-20,3581200,72008700,44525700
2021-08-23,4005500,54973000,60794700
2021-08-24,5164800,38744700,39249300
2021-08-25,3904900,40529700,37936800
2021-08-26,4810900,57829600,39642900
2021-08-27,4780900,77235100,41501400
2021-08-30,4119000,48357400,55812600
2021-08-31,4974900,59300200,62566200
2021-09-01,4792400,48721400,39612900
2021-09-02,4885100,42501000,38331900
2021-09-03,4059700,47170500,45738300
2021-09-07,4839700,51671500,60119400
2021-09-08,4864600,56181900,56379000
2021-09-09,5504600,57970400,42233100
2021-09-10,3711400,89948200,45552600
2021-09-13,4047300,83738600,68857500
2021-09-14,4758300,78197100,55574700
2021-09-15,6204400,78792200,46073100
2021-09-16,4604000,77786700,41770200
2021-09-17,6217800,118425000,84612600
2021-09-20,6195100,166445500,74273100
2021-09-21,6962300,92526100,48992100
2021-09-22,6006200,102350100,45378900
2021-09-23,5222300,76396000,35842500
2021-09-24,4170600,62094800,64119000
2021-09-27,4858500,61371100,84212100
2021-09-28,6253700,130436300,76144200
2021-09-29,5123500,82329200,62828700
2021-09-30,5877700,140506000,53868000
2021-10-01,6029900,129240100,51094200
2021-10-04,7280000,128570000,91449900
2021-10-05,4395400,90682500,55297800
2021-10-06,7177800,113032200,43898400
2021-10-07,5363500,72437500,57587400
2021-10-08,4547100,74557400,50215800
2021-10-11,3286600,65233300,42600900
2021-10-12,5529600,71181200,66060000
2021-10-13,5018100,72974000,42360300
2021-10-14,4336400,70236800,36741600
2021-10-15,5801200,66260200,56773800
2021-10-18,5863600,62213200,72621600
2021-10-19,3865900,46996800,52143300
2021-10-20,5332400,49571600,42096300
2021-10-21,6073300,41305400,94444500
2021-10-22,6076100,58845100,68642400
2021-10-25,4652500,45214500,188556300
2021-10-26,5752800,56075100,187245000
2021-10-27,7618400,72438000,115579500
2021-10-28,6225800,51437900,81639600
2021-10-29,8975200,70162400,89755200
2021-11-01,5201400,48433600,168146100
2021-11-02,4199400,48908400,128213400
2021-11-03,5058700,52509800,103885500
2021-11-04,5564100,52847100,76192200
2021-11-05,4595900,66390600,64886400
2021-11-08,6517200,50405200,100337100
2021-11-09,6027800,51149100,177317400
2021-11-10,6206400,69429700,128408100
2021-11-11,3847100,34848500,67189800
2021-11-12,4890900,53466700,76719300
2021-11-15,6239500,46980500,104326800
2021-11-16,5580700,48857500,79627200
2021-11-17,6589200,47858300,94336200
2021-11-18,5320700,50625600,62696700
2021-11-19,5498200,57315600,64926900
2021-11-22,7497100,72762000,99217500
2021-11-23,5779500,73206500,108515100
2021-11-24,4757400,61858800,67680600
2021-11-26,4402500,112669600,35042700
2021-11-29,6133000,86268800,58393500
2021-11-30,11234800,148559600,81276000
2021-12-01,7737300,131939200,68450400
2021-12-02,8831600,127637800,73114800
2021-12-03,7440900,137331600,92322000
2021-12-06,6865000,98977500,81663000
2021-12-07,5351200,95484700,56084700
2021-12-08,9064200,72238800,41906400
2021-12-09,8096700,61272600,59438400
2021-12-10,6869100,77159800,59664300
2021-12-13,4955300,87724700,78595500
2021-12-14,5165800,97264100,70806300
2021-12-15,6036000,116899300,75169200
2021-12-16,6067700,116568600,82771500
2021-12-17,4884200,135511600,100437300
2021-12-20,7129100,107134800,56480100
2021-12-21,6237800,69806300,71517900
2021-12-22,5110000,58890200,93634200
2021-12-23,4631200,56439700,92713200
2021-12-27,5311700,56808600,71145900
2021-12-28,5674800,47274600,60324000
2021-12-29,7757900,54503000,56154000
2021-12-30,6352100,55329000,47040900
2021-12-31,7162600,65237400,40733700
2022-01-03,7244300,72668200,103931400
2022-01-04,7384500,71178700,100248300
2022-01-05,7076500,104538900,80119800
2022-01-06,6011000,86858900,90336600
2022-01-07,6345100,85111600,84164700
2022-01-10,5912300,119362000,91815000
2022-01-11,6755600,74303100,66063300
2022-01-12,6672700,67605400,83739000
2022-01-13,5746300,91173100,97209900
2022-01-14,6843000,95890900,72924300
2022-01-18,7453100,109709100,66743400
2022-01-19,8644100,109357600,75442500
2022-01-20,4951300,122379700,70488600
2022-01-21,5204500,202271200,103416000
2022-01-24,10332200,251783900,151565700
2022-01-25,5872700,167997300,86595900
2022-01-26,7382500,186391100,104867400
2022-01-27,6295600,149878300,147109500
2022-01-28,5992500,164457400,134789100
2022-01-31,8033400,152251400,104436000
2022-02-01,5013300,123155400,73138200
2022-02-02,7248800,117361000,66792900
2022-02-03,6156500,118024400,78855600
2022-02-04,7746000,118454400,73625400
2022-02-07,6252200,84472900,60994500
2022-02-08,6727000,81012000,50729100
2022-02-09,5862000,92589900,52259400
2022-02-10,8869700,140103700,66126900
2022-02-11,11100900,153214600,79645800
2022-02-14,6301600,123006300,67756500
2022-02-15,6731200,88482700,57286200
2022-02-16,7142400,84863600,51294300
2022-02-17,6833600,102259100,55178400
2022-02-18,4744400,132642900,68501700
2022-02-22,7058800,124391800,83288100
2022-02-23,7938900,132578000,95256900
2022-02-24,8883500,213942900,135322200
2022-02-25,5923200,121804500,76067700
2022-02-28,6494400,145615000,99006900
2022-03-01,9319000,137785900,74766900
2022-03-02,6491500,117726500,74643300
2022-03-03,10349100,105501700,61623600
2022-03-04,8042600,113978200,66999600
2022-03-07,6425400,137896600,72494100
2022-03-08,8565900,164772700,80399100
2022-03-09,5761500,116990800,59184000
2022-03-10,8261200,93972700,58648500
2022-03-11,7883400,95636300,67037100
2022-03-14,15449700,95729200,71152200
2022-03-15,6265000,106219100,66841200
2022-03-16,8156400,144954800,84028800
2022-03-17,6774600,102676900,66582900
2022-03-18,8895700,106345500,100414200
2022-03-21,6831300,88349800,81981600
2022-03-22,6488400,74650400,105868500
2022-03-23,8919400,79426100,120676200
2022-03-24,18907400,64736900,68920800
2022-03-25,21372500,77101300,62031600
2022-03-28,7494000,68529800,102506100
2022-03-29,7308100,86581500,73614900
2022-03-30,7071800,79666900,59865000
2022-03-31,8244200,121699900,48992700
2022-04-01,6326900,89048800,54263100
2022-04-04,9091700,59601000,82035900
2022-04-05,6956300,74214500,80075100
2022-04-06,8649400,106898000,89348400
2022-04-07,9157600,78097200,79447200
2022-04-08,8989600,79272700,55013700
2022-04-11,7858300,89770500,59357100
2022-04-12,8168200,84363600,65976000
2022-04-13,7790300,74070400,55121100
2022-04-14,7046100,97869500,58422300
2022-04-18,7187800,66002500,51715200
2022-04-19,11568000,77821000,49847700
2022-04-20,7366100,65224400,70711200
2022-04-21,7869900,85417300,105416400
2022-04-22,8625100,132471800,69696600
2022-04-25,6091600,119647700,68341200
2022-04-26,8837100,103996300,136133700
2022-04-27,10802000,122030000,76956300
2022-04-28,7644000,105449100,124948500
2022-04-29,7120400,145491100,88133100
2022-05-02,10166700,158312500,75781500
2022-05-03,7769000,100028200,63709500
2022-05-04,12238000,144247900,81643800
2022-05-05,10540000,172929100,92519100
2022-05-06,8803000,151770800,72903000
2022-05-09,7420300,155586100,90810300
2022-05-10,24792700,132497200,84401700
2022-05-11,9843600,142361000,97224600
2022-05-12,6079800,125090800,140313000
2022-05-13,5024800,104174400,92150700
2022-05-16,6104400,78622400,86098500
2022-05-17,5881200,83029700,80236200
2022-05-18,4963300,117674500,87811800
2022-05-19,5461400,98510700,90296700
2022-05-20,6960100,131432200,144973200
2022-05-23,7332900,76414900,88903500
2022-05-24,6587100,91448800,89092500
2022-05-25,5737200,91472900,92139300
2022-05-26,5328400,82168300,106003200
2022-05-27,6355300,84768700,89295000
2022-05-31,9067000,95937000,101914500
2022-06-01,7294600,86585800,77247900
2022-06-02,5276600,79609600,93473100
2022-06-03,5549600,71874300,112393800
2022-06-06,6698000,57508900,84204600
2022-06-07,6989800,59272400,72808500
2022-06-08,3778300,64350000,76210500
2022-06-09,4828500,86289800,96491400
2022-06-10,14690800,132893900,97536600
2022-06-13,11255300,170004900,102767400
2022-06-14,9530100,104011800,97988700
2022-06-15,9098600,125666800,119131800
2022-06-16,8477600,134473300,107390700
2022-06-17,4913600,111113900,92641800
2022-06-21,7069900,76811900,122793000
2022-06-22,8407600,90059400,101107500
2022-06-23,8542600,79292100,104202600
2022-06-24,6979000,98050300,95770800
2022-06-27,6238900,66009600,89178300
2022-06-28,5578800,86548900,90391200
2022-06-29,3896400,65676000,82897200
2022-06-30,4387100,112508300,94600500
2022-07-01,5801800,74839700,74460300
2022-07-05,6253900,81438000,84581100
2022-07-06,5312000,70426200,71853600
2022-07-07,7536700,64525900,81930600
2022-07-08,4187100,72397800,101854200
2022-07-11,4128600,58366900,99241200
2022-07-12,6013700,62219200,87930900
2022-07-13,6382700,84224600,97954500
2022-07-14,5598000,89704800,78557400
2022-07-15,5276400,79060400,69683100
2022-07-18,3438000,63203600,82537500
2022-07-19,3493400,78506000,80890200
2022-07-20,3966900,71843800,88864200
2022-07-21,6832900,64903900,142032300
2022-07-22,6617000,72197300,103472700
2022-07-25,4256200,53631500,64073400
2022-07-26,6964100,52946400,66820800
2022-07-27,5919600,82342100,88110000
2022-07-28,5140200,73966600,84723000
2022-07-29,6601700,87003700,95313000
2022-08-01,5370800,69997500,117042900
2022-08-02,10808300,63435400,95577600
2022-08-03,5747700,67820600,80091000
2022-08-04,9869900,45656600,72256200
2022-08-05,8946400,56814900,113172900
2022-08-08,8534700,53886100,98994000
2022-08-09,6888800,44931800,86244600
2022-08-10,4305000,68665700,94918800
2022-08-11,5179500,59489700,70155000
2022-08-12,4376800,61694500,79657200
2022-08-15,3922300,54048300,89359200
2022-08-16,4104000,59289000,88136400
2022-08-17,4131100,63563400,68766000
2022-08-18,4026800,49023200,47500500
2022-08-19,5115800,68016900,61395300
2022-08-22,4158600,77695600,55843200
2022-08-23,6294800,49105200,63984900
2022-08-24,3808600,49177800,57259800
2022-08-25,3688400,50942300,53230000
2022-08-26,4276600,103087000,57163900
2022-08-29,3263800,65370800,41864700
2022-08-30,6878700,85652400,50541800
2022-08-31,5155600,76029700,52107300
2022-09-01,6160700,78740100,54287000
2022-09-02,3600600,99632100,50890100
2022-09-06,6869800,76637400,55860000
2022-09-07,4208300,70964200,50028900
2022-09-08,3580300,80821700,53713100
2022-09-09,3831700,76706900,54338100
2022-09-12,4008200,69256300,48674600
2022-09-13,9481200,122947100,68229600
2022-09-14,4332200,85023700,72628700
2022-09-15,4967200,87633800,64795500
2022-09-16,5050000,103084800,87087800
2022-09-19,6374900,73278500,60231200
2022-09-20,4750500,77274900,61642800
2022-09-21,6360300,106746600,62555700
2022-09-22,5216100,89472600,70545400
2022-09-23,6885400,122346900,63748400
2022-09-26,8658900,92581200,58076900
2022-09-27,9946100,108294100,61925200
2022-09-28,11649700,110802200,54664800
2022-09-29,6100300,112952300,77620600
2022-09-30,8919100,153711200,67726600
2022-10-03,6762600,89756500,98363500
2022-10-04,6124400,103602800,109578500
2022-10-05,7252400,88065700,86982700
2022-10-06,7108400,82333500,69298400
2022-10-07,5023200,107789500,83916800
2022-10-10,4950700,76042800,67925000
2022-10-11,9225500,92482800,77013200
2022-10-12,5442000,76991800,66860700
2022-10-13,6668900,147254500,91483000
2022-10-14,6544400,123737000,94124500
2022-10-17,19605200,93168200,79428800
2022-10-18,7008000,97162900,75891900
2022-10-19,6483600,79746900,66571500
2022-10-20,6260900,88283100,117798100
2022-10-21,6984400,131038400,75713800
2022-10-24,7259400,85436900,100446800
2022-10-25,7780900,78846300,96507900
2022-10-26,7001000,104087300,85012500
2022-10-27,5493300,81971800,61638800
2022-10-28,4828800,100302000,69152400
2022-10-31,6785000,96631300,61554300
2022-11-01,7019000,85407600,62688800
2022-11-02,10223800,126990400,63070300
2022-11-03,6408200,87100100,56538800
2022-11-04,8780400,103505200,98622200
2022-11-07,6246100,68286900,93916500
2022-11-08,6358100,84641100,128803400
2022-11-09,7269400,78495500,127062700
2022-11-10,7014100,141455800,132703000
2022-11-11,4525300,93839900,114403600
2022-11-14,6914500,71903500,92226600
2022-11-15,11948800,93194500,91293800
2022-11-16,8856700,68508500,66567600
2022-11-17,6260600,74496300,64336000
2022-11-18,8564600,92922500,76048900
2022-11-21,6834600,51243200,92882700
2022-11-22,9534200,60429000,78452300
2022-11-23,4855000,68261600,109536700
2022-11-25,2536400,30545400,50672700
2022-11-28,5852100,67881600,92905200
2022-11-29,5437600,52310000,83357100
2022-11-30,5479900,144566700,109186400
2022-12-01,7462500,76398200,80046200
2022-12-02,6828300,85342700,73645900
2022-12-05,7552900,77289800,93122700
2022-12-06,7584100,77972200,92150800
2022-12-07,7472500,65927900,84213300
2022-12-08,5378100,60737900,97624500
2022-12-09,12079600,81447700,104872300
2022-12-12,7533500,75405800,109794500
2022-12-13,12563900,123782500,175862700
2022-12-14,9833900,108111300,140682300
2022-12-15,7800400,117705900,122334500
2022-12-16,6541900,119858000,139032200
2022-12-19,6300000,79878100,139390600
2022-12-20,6130500,74427200,159563300
2022-12-21,8169000,78167400,145417400
2022-12-22,6833800,100120900,210090300
2022-12-23,4693400,59857300,166989700
2022-12-27,6959600,51638200,208643400
2022-12-28,7868200,70911500,221070500
2022-12-29,7391000,66970900,221923300
2022-12-30,7051900,84022200,157777300
2023-01-03,8634800,74850700,231402800
2023-01-04,5257100,85934100,180389000
2023-01-05,5632400,76970500,157986300
2023-01-06,5627200,104189600,220911100
2023-01-09,7398200,73978100,190284000
2023-01-10,4827900,65358100,167642500
2023-01-11,8453200,68881100,183810800
2023-01-12,5927600,90157700,169400900
2023-01-13,6331600,63903900,180714100
2023-01-17,6815100,62677300,186477000
2023-01-18,5112800,99632300,195680300
2023-01-19,4765200,86958900,170291900
2023-01-20,4714300,91806400,138858100
2023-01-23,6116700,84178800,203119200
2023-01-24,3907700,59524900,158699100
2023-01-25,4414400,84800300,192734300
2023-01-26,3866800,72287400,234815100
2023-01-27,4474100,68346200,306590600
2023-01-30,6258700,74202000,230878800
2023-01-31,5502300,86811800,196813500
2023-02-01,7473900,101459200,213806300
2023-02-02,4273500,101654500,217448300
2023-02-03,5332900,94736800,232662000
2023-02-06,5282300,60295300,186188100
2023-02-07,4674500,90990700,186010300
2023-02-08,4308200,76227500,180673600
2023-02-09,4268100,78694900,215431400
2023-02-10,3606100,70769700,204754100
2023-02-13,3805800,64913500,172475500
2023-02-14,4328000,88389300,216455700
2023-02-15,4370800,61555700,181006400
2023-02-16,5912000,76431500,229586500
2023-02-17,5165700,89257800,213738500
2023-02-21,16093200,82655900,180018600
2023-02-22,4375600,83742300,191828500
2023-02-23,4789200,96242400,146360000
2023-02-24,4345900,108194400,142228100
2023-02-27,3340500,80444700,161028300
2023-02-28,5032400,96438600,153144900
2023-03-01,4427800,99706800,156852800
2023-03-02,4966600,85127800,181500700
2023-03-03,4008600,90120000,154193300
2023-03-06,4538700,72795900,128100100
2023-03-07,4253100,108310600,148125800
2023-03-08,4774500,74746600,151897800
2023-03-09,4597800,111945300,170023800
2023-03-10,4779500,189253000,191488900
2023-03-13,7270500,157790000,167790300
2023-03-14,5432500,149752400,143717900
2023-03-15,6677200,172996900,145995600
2023-03-16,6964800,143254200,121136800
2023-03-17,4352700,140553400,133197100
2023-03-20,6924500,93055800,129684400
2023-03-21,3997700,91524200,153391400
2023-03-22,5220500,111746600,150376400
2023-03-23,5392100,119351300,144193900
2023-03-24,4638000,107682400,116312400
2023-03-27,5769800,74010400,120851600
2023-03-28,3473300,62871700,98654600
2023-03-29,4231300,77497900,123660000
2023-03-30,3455300,69840000,110252200
2023-03-31,4549200,112062600,170222100
2023-04-03,5346200,67391100,169545900
2023-04-04,4126700,66601500,126463800
2023-04-05,4345900,65200200,133882500
2023-04-06,4381700,63743300,123857900
2023-04-10,4224300,63681000,142154600
2023-04-11,4401600,59297900,115770900
2023-04-12,4134800,86420400,150256300
2023-04-13,5012700,85814800,112933000
2023-04-14,4349600,78161500,96438700
2023-04-17,5085500,66436400,116662200
2023-04-18,3728400,63560000,92067000
2023-04-19,4611000,55227300,125732700
2023-04-20,3605400,75840400,210970800
2023-04-21,3371600,73457400,123539000
2023-04-24,2993000,64332100,140006600
2023-04-25,3508100,97766700,121999300
2023-04-26,5819900,80447000,153364100
2023-04-27,3078100,92968400,127015200
2023-04-28,4469100,89335600,122515800
2023-05-01,4546500,62122300,109015000
2023-05-02,4825100,103998500,128259700
2023-05-03,4205600,91531800,119728000
2023-05-04,11535800,94901900,95108500
2023-05-05,3143200,87844000,107440900
2023-05-08,9895900,50046800,112249400
2023-05-09,3827700,49220100,88965000
2023-05-10,5291800,96142900,119840700
2023-05-11,4745900,70157100,103889900
2023-05-12,2970500,70439400,157577100
2023-05-15,3268600,54289400,105592500
2023-05-16,3818500,57705500,98288800
2023-05-17,4574400,87287000,125473600
2023-05-18,3530000,97177200,109520300
2023-05-19,4166800,103679700,136024200
2023-05-22,5294900,60745400,132001400
2023-05-23,4561100,86383500,156952100
2023-05-24,4245100,89213700,137605100
2023-05-25,4012300,90961600,96870700
2023-05-26,3783100,93830000,162061500
2023-05-30,3533000,72216000,128818700
2023-05-31,4898400,110811800,150711700
2023-06-01,3984000,88865000,148029900
2023-06-02,4595500,91366700,164129000
2023-06-05,4674600,65460200,151143100
2023-06-06,5001900,64022200,146911600
2023-06-07,4326500,85373300,185710800
2023-06-08,3567600,61952800,164489700
2023-06-09,12690400,85742800,199882300
2023-06-12,4632800,76104300,150337900
2023-06-13,4302500,95899700,162384300
2023-06-14,5986200,100612100,170575500
2023-06-15,5061200,110303100,160171200
2023-06-16,3905300,114121300,167563700
2023-06-20,4921700,76160400,165611200
2023-06-21,3678700,76982300,211797100
2023-06-22,3975500,70637200,166875900
2023-06-23,4160000,92074500,176584100
2023-06-26,6287800,72823600,179990600
2023-06-27,4816100,72813700,164968200
2023-06-28,5517200,75636000,159770800
2023-06-29,5803000,67882300,131283400
2023-06-30,5611600,104921500,112267600
2023-07-03,3146500,32793400,119685900
2023-07-05,4415700,58418400,131530900
2023-07-06,5613400,80658300,120332100
2023-07-07,5726600,86076100,113602000
2023-07-10,4450800,62443500,119425400
2023-07-11,5709100,64463800,91972400
2023-07-12,6397500,91924500,95672100
2023-07-13,5868400,72425200,112681500
2023-07-14,7409300,69761800,119771100
2023-07-17,5942700,52680200,131569600
2023-07-18,7748400,80744400,112434700
2023-07-19,11522100,65891700,142355400
2023-07-20,5262100,70591600,175158300
2023-07-21,5170300,71245400,161050100
2023-07-24,3553400,54023400,136508500
2023-07-25,4200800,55191200,112757300
2023-07-26,4478200,71052900,95856200
2023-07-27,5342600,92194400,103697300
2023-07-28,5273200,80011800,111446000
2023-07-31,4607900,62040400,84582200
2023-08-01,11078000,55291500,83166000
2023-08-02,6546700,93933400,101752900
2023-08-03,5395200,64276100,97569100
2023-08-04,6925000,100052300,99242600
2023-08-07,4987400,58357500,111097900
2023-08-08,4338200,71361300,96642200
2023-08-09,4937800,78789600,101596300
2023-08-10,5195800,93005500,109498600
2023-08-11,4576600,68664600,98866600
2023-08-14,7992400,47867400,98595300
2023-08-15,5028100,75707500,88197600
2023-08-16,5149700,80107200,112484500
2023-08-17,7357800,95711300,120718400
2023-08-18,5094100,98758400,135813700
2023-08-21,4280100,68719000,135702700
2023-08-22,4302200,65062900,130597900
2023-08-23,5205800,68441000,101077600
2023-08-24,4186400,88517300,99777400
2023-08-25,4853100,102325100,106612200
2023-08-28,3969000,61595400,107673700
2023-08-29,6214600,83081900,134047600
2023-08-30,4721500,69053900,121988400
2023-08-31,4747100,66084600,108861700
2023-09-01,3940700,58875700,132272500
2023-09-05,4634300,55166200,129469600
2023-09-06,7800400,70758500,116959800
2023-09-07,4742800,70355400,115312900
2023-09-08,4270600,61659700,118367700
2023-09-11,4215800,60180100,174667900
2023-09-12,4246300,67565400,135999900
2023-09-13,6142500,60199300,111673700
2023-09-14,5227300,83430800,107709800
2023-09-15,4946100,111761400,133422800
2023-09-18,5882500,55752200,101543300
2023-09-19,4200900,66514600,103704000
2023-09-20,5518400,82562600,122514600
2023-09-21,9127100,103976100,119531000
2023-09-22,8149800,100829700,127524100
2023-09-25,22744300,70874500,104636600
2023-09-26,7329100,96168400,101993600
2023-09-27,7701800,104705800,136597200
2023-09-28,9004600,92258300,117058900
2023-09-29,7650600,115078500,128346200
2023-10-02,6719800,83798600,123810400
2023-10-03,8099500,103760600,101985300
2023-10-04,7915900,87453000,129721600
2023-10-05,6845000,70142700,119159200
2023-10-06,8385100,113202700,117947000
2023-10-09,3561600,80374400,101377900
2023-10-10,11555900,78607300,122656000
2023-10-11,18074400,62451700,103706300
2023-10-12,6144000,81154200,111508100
2023-10-13,5570100,95143100,102073800
2023-10-16,4914800,75433200,88917200
2023-10-17,5851900,75324700,93562900
2023-10-18,5885900,93559800,125147800
2023-10-19,9433800,121323000,170772700
2023-10-20,5197700,123845800,137734000
2023-10-23,9587100,92035100,150683400
2023-10-24,9462100,78564200,118231100
2023-10-25,7392400,94223200,107065100
2023-10-26,11426600,115156800,115112600
2023-10-27,5325500,107367700,94881200
2023-10-30,5905300,86562700,136448200
2023-10-31,9248200,79665200,118068300
2023-11-01,9330800,98068100,121661700
2023-11-02,8409100,94938900,125987600
2023-11-03,7994800,100110800,119281000
2023-11-06,7822000,67831700,117335800
2023-11-07,7986100,64256100,116900100
2023-11-08,6543700,61746000,106584800
2023-11-09,6979700,83174400,142110500
2023-11-10,4381800,89462200,130994000
2023-11-13,6058600,52236100,140447600
2023-11-14,8237100,97176900,149771600
2023-11-15,6793500,77327600,150354000
2023-11-16,5623900,66665800,136816800
2023-11-17,5657300,83133200,142532800
2023-11-20,6959100,69936200,116320100
2023-11-21,5737800,49244600,122288000
2023-11-22,4949100,59394900,117950600
2023-11-24,3534800,29737400,65125200
2023-11-27,5257000,50506000,112031800
2023-11-28,7051400,62115000,148549900
2023-11-29,7615800,63146000,135401300
2023-11-30,9880000,79752700,132353200
2023-12-01,7642900,89097900,121173500
2023-12-04,11164600,72430900,104099800
2023-12-05,8393500,69793500,137971100
2023-12-06,9365200,69124700,126436200
2023-12-07,9876000,66995400,107142300
2023-12-08,7349500,83080900,102980100
2023-12-11,12895800,65002200,97913900
2023-12-12,8052300,68327600,95328300
2023-12-13,7172600,93278000,146286300
2023-12-14,9105500,119026000,160829200
2023-12-15,7994600,141319300,135720800
2023-12-18,6144200,70375300,116416500
2023-12-19,6924100,55761800,106737400
2023-12-20,7496100,102921000,125097000
2023-12-21,6912600,86667500,109594200
2023-12-22,5890700,67126600,93249800
2023-12-26,6394600,55387000,86892400
2023-12-27,7467700,68000300,106494400
2023-12-28,8166600,77158100,113619900
2023-12-29,6939500,122234100,100615300
2024-01-02,8334200,123623700,104654200
2024-01-03,6477200,103585900,121082600
2024-01-04,5056900,84232200,102629300
2024-01-05,6223400,86060800,92379400
2024-01-08,7937500,74879100,85166600
2024-01-09,5649400,65931400,96705700
2024-01-10,6578400,67310600,91628500
2024-01-11,7537300,77940700,105873600
2024-01-12,4461200,57944000,122889000
2024-01-16,5724700,85014900,115355000
2024-01-17,12370300,68843900,103164400
2024-01-18,6086200,91856200,108595400
2024-01-19,7883100,110733300,102095800
2024-01-22,10321400,75844900,117952500
2024-01-23,6840400,49945300,106605900
2024-01-24,7483800,81765000,123369900
2024-01-25,8361100,72525000,198076800
2024-01-26,9120500,76641600,107343200
2024-01-29,7677600,61322800,125013100
2024-01-30,6688100,58618400,109982300
2024-01-31,9916600,126011100,103221400
2024-02-01,12060800,91891600,91843300
2024-02-02,7820000,99147700,110505100
2024-02-05,7577100,75757100,134294400
2024-02-06,8310500,55918600,122676000
2024-02-07,9257500,70556500,111535200
2024-02-08,7987500,52343600,83034000
2024-02-09,5940700,63979400,84476300
2024-02-12,6063000,56502300,95498600
2024-02-13,12938800,113099200,86759500
2024-02-14,6915700,68387800,81203000
2024-02-15,6733900,61683000,120831800
2024-02-16,5029200,75461200,111173600
2024-02-20,7605000,71736700,104545800
2024-02-21,6625600,59603800,103844000
2024-02-22,11884200,76402500,92739500
2024-02-23,6147200,61321800,78841900
2024-02-26,5255800,50386700,111747100
2024-02-27,5534300,48854500,108645400
2024-02-28,5255300,56506600,99806200
2024-02-29,6002900,83924800,85907000
2024-03-01,6364500,76805900,82099200
2024-03-04,26404700,49799300,134334900
2024-03-05,6208600,72855600,119660800
2024-03-06,28955300,68382400,107920900
2024-03-07,7495500,58652100,102129000
2024-03-08,7187100,86425500,85315300
2024-03-11,5626200,62557200,85391500
2024-03-12,4699400,73114400,87391700
2024-03-13,6123200,55104100,106524500
2024-03-14,5214000,110171800,126325700
2024-03-15,4783900,107585800,96971900
2024-03-18,5284200,88893300,108214400
2024-03-19,4560100,60755300,77271400
2024-03-20,5287200,69594600,83846700
2024-03-21,5492900,60256100,73178000
2024-03-22,4169400,79023000,75454700
2024-03-25,7950500,48512100,74228600
2024-03-26,7603100,65463700,113186200
2024-03-27,7825200,82999800,81804000
2024-03-28,5326400,96294900,77654800
2024-04-01,6157500,62477500,81562100
2024-04-02,9043000,74230300,116650600
2024-04-03,5419200,59155800,82950100
2024-04-04,12412900,96858100,123162000
2024-04-05,11531700,74482100,141250700
2024-04-08,13873100,48401800,104423300
2024-04-09,8886200,68124400,103232700
2024-04-10,8196500,82652800,84532400
2024-04-11,16574100,70099000,94516000
2024-04-12,12479100,92469100,64506600
2024-04-15,8079200,92101400,100245300
2024-04-16,14378900,73484000,97000000
2024-04-17,6568500,75910300,82439700
2024-04-18,6349500,74548100,96098800
2024-04-19,8338300,102129100,86005100
2024-04-22,5938300,67961000,107097600
2024-04-23,6044400,64633600,124545100
2024-04-24,4616600,55928100,181178000
2024-04-25,5367500,69122400,126427500
2024-04-26,4256600,64306100,109815700
2024-04-29,4799500,46415400,243869700
2024-04-30,6605800,77483600,127031800
2024-05-01,8119200,80242800,92829700
2024-05-02,6014800,62550200,89148000
2024-05-03,7256900,72756700,75491500
2024-05-06,5584300,47264700,84390300
2024-05-07,4635400,52561300,75045900
2024-05-08,6774500,42047200,79969500
2024-05-09,4525200,43643700,65950300
2024-05-10,5562000,52233200,72627200
2024-05-13,5600500,36716400,67018900
2024-05-14,4272500,57535900,86407400
2024-05-15,4208200,59504900,79663000
2024-05-16,4359500,50244800,59812200
2024-05-17,4373500,59187600,77445800
2024-05-20,3699600,37764200,61727400
2024-05-21,4612300,33437000,115266500
2024-05-22,4306200,48390000,88313500
2024-05-23,3589900,57211200,71975500
2024-05-24,4025200,41258400,65479700
2024-05-28,4743400,36269600,59736600
2024-05-29,4877500,45190300,54782600
2024-05-30,3723200,46468500,77784800
2024-05-31,4193000,90785800,67314600
2024-06-03,4798900,46835700,68568900
2024-06-04,5298400,34632700,60056300
2024-06-05,5506400,47610400,57953800
2024-06-06,4119700,30808500,69887000
2024-06-07,3826500,43224500,56244900
2024-06-10,3925100,35729300,50869700
2024-06-11,4073200,36383400,64761900
2024-06-12,4495700,63251300,90389400
2024-06-13,4339600,44760900,118984100
2024-06-14,3527000,40089900,82038200
2024-06-17,4019000,55839500,109786100
2024-06-18,8491900,41376400,68982300
2024-06-20,4227800,70328200,55893100
2024-06-21,4117000,64513900,63029500
2024-06-24,31937200,45528700,61992100
2024-06-25,5959300,38273300,63678300
2024-06-26,5910600,38550600,95737100
2024-06-27,5514800,35041500,72746500
2024-06-28,4824500,76144500,95438100
2024-07-01,4960000,40297800,135691400
2024-07-02,6080100,40434800,205047900
2024-07-03,4438600,32789900,166561500
2024-07-05,4201700,41488400,154501200
2024-07-08,4742300,36110500,157219600
2024-07-09,8533200,27289700,160210900
2024-07-10,5591500,38701200,128519400
2024-07-11,4978100,53054200,221707300
2024-07-12,4656800,53084400,155955800
2024-07-15,4557200,40584300,146912900
2024-07-16,4636600,36475300,126332500
2024-07-17,8365100,57119000,115584800
2024-07-18,7673700,56270400,110869000
2024-07-19,5593100,65509100,87403900
2024-07-22,5055700,43346700,101225400
2024-07-23,6981700,34439600,111928200
2024-07-24,5080200,74515300,167942900
2024-07-25,4567700,61158300,100636500
2024-07-26,3692700,53763800,94604100
2024-07-29,5185000,39515800,129201800
2024-07-30,4282400,46853600,100560300
2024-07-31,6041400,65663400,67497000
2024-08-01,8733700,76428700,83861900
2024-08-02,6476300,82789100,82880100
2024-08-05,8354200,146267400,100308800
2024-08-06,6484400,84826300,73783900
2024-08-07,5907200,70698300,71159800
2024-08-08,4357500,63276600,65033900
2024-08-09,6093100,45619600,58648300
2024-08-12,4822900,42542100,64044900
2024-08-13,4049000,52333100,76247400
2024-08-14,6333600,42446900,70250000
2024-08-15,5108300,60846800,89848500
2024-08-16,4647700,44430700,88765100
2024-08-19,4964700,39121800,76435200
2024-08-20,4444000,33732300,74001200
2024-08-21,4541800,41514600,70146000
2024-08-22,3999700,56121500,79514500
2024-08-23,4292000,50639400,81525200
2024-08-26,4427200,35788600,59301200
2024-08-27,3715900,32693900,62821400
2024-08-28,5179900,41066000,64116400
2024-08-29,3840800,38715200,62308800
2024-08-30,5037400,62700100,63370600
2024-09-03,6220100,60600100,76714200
2024-09-04,7338600,47224900,80651800
2024-09-05,9994300,44264300,119355000
2024-09-06,22536000,68493800,112177000
2024-09-09,5040900,40445800,67443500
2024-09-10,5653900,36394600,78891100
2024-09-11,6471000,75248600,83548600
2024-09-12,5685900,51892700,72020000
2024-09-13,4786700,39310500,59515100
2024-09-16,4734900,36656100,54323000
2024-09-17,5398400,49321000,66761600
2024-09-18,5695700,59044900,78010200
2024-09-19,5135600,75315500,102694600
2024-09-20,4265000,77503100,99879100
2024-09-23,6632500,44116900,86927200
2024-09-24,5017900,46805700,88491000
2024-09-25,4793100,38428600,65034300
2024-09-26,4919700,48336000,67142200
2024-09-27,3927900,42100900,70988100
2024-09-30,5661900,63557400,80705700
2024-10-01,6267100,72668800,87397600
2024-10-02,6902500,38097800,93983900
2024-10-03,7733800,40846500,80729200
2024-10-04,5218300,42939100,86573200
2024-10-07,7044200,49964700,68113300
2024-10-08,8642400,37398700,56303200
2024-10-09,4997800,37912200,66289500
2024-10-10,4579000,44138100,83087100
2024-10-11,8508000,42268000,142628900
2024-10-14,3380100,36217200,86291900
2024-10-15,4456200,54203600,62988800
2024-10-16,7437800,30725400,49632800
2024-10-17,4250400,34393700,50791800
2024-10-18,3930300,37416800,49611900
2024-10-21,5259900,36439000,47329000
2024-10-22,4633000,34183800,43268700
2024-10-23,6429400,49314600,80938900
2024-10-24,6219500,34979900,204491900
2024-10-25,4641400,47268200,161611900
2024-10-28,4582800,30174700,107653600
2024-10-29,5543800,42899700,80521800
2024-10-30,4610300,41435800,53993600
2024-10-31,6115700,60182500,66575300
2024-11-01,6409800,45667500,57544800
2024-11-04,6860100,38217000,68802400
2024-11-05,6236900,39478300,69282500
2024-11-06,6382500,68182000,165228700
2024-11-07,6590200,47233200,117309200
2024-11-08,5398500,46444900,204782800
2024-11-11,4372000,37586800,210521600
2024-11-12,7197800,43006100,155726000
2024-11-13,5458100,47388600,125405600
2024-11-14,6643300,38904100,120726100
2024-11-15,18467300,75988800,114440300
2024-11-18,4964800,37084100,126547500
2024-11-19,4900500,49412000,88852500
2024-11-20,6557800,50032600,66340700
2024-11-21,5115500,46750300,58011700
2024-11-22,10409500,38226400,89140700
2024-11-25,10207100,42441400,95890900
2024-11-26,5537900,45621300,62295900
2024-11-27,5366600,34000200,57896400
2024-11-29,3870800,30177400,37167600
2024-12-02,6212800,31746000,77986500
2024-12-03,6249200,26906600,58267200
2024-12-04,6769700,42787600,50810900
2024-12-05,6146200,28762200,81403600
2024-12-06,4880500,31241500,81455800
2024-12-09,5432900,34742700,96359200
2024-12-10,5751900,37234500,97563600
2024-12-11,4642900,28677700,104287600
2024-12-12,6880600,31543800,87752200
2024-12-13,5171400,35904700,89000200
2024-12-16,7871100,43695200,114083800
2024-12-17,6084800,55773500,131223000
2024-12-18,7962700,108248700,149340800
2024-12-19,7669100,85919500,118566100
2024-12-20,6696400,125716700,132216200
2024-12-23,7605400,57635800,72698100
2024-12-24,4185300,33160100,59551800
2024-12-26,8714400,41219100,76366400
2024-12-27,9018700,64969300,82666800
2024-12-30,8054500,56578800,64941000
2024-12-31,8724200,57052700,76825100
2025-01-02,8053300,50204000,109710700
2025-01-03,6857000,37888500,95423300
2025-01-06,5375700,47679400,85516500
2025-01-07,7875900,60393100,75699500
2025-01-08,5844300,47304700,73038800
2025-01-10,9602400,73105000,62287300
2025-01-13,11856300,47910100,67580500
2025-01-14,5166000,48420600,84565000
2025-01-15,5867900,56900200,81375500
2025-01-16,8494100,43319700,68335200
2025-01-17,5600200,58070600,94991400
2025-01-21,8491600,42532900,87320900
2025-01-22,6616600,48196000,60963300
2025-01-23,7529700,41152100,50690600
2025-01-24,5555700,34604700,56427100
2025-01-27,8621200,70361100,58125500
2025-01-28,4424300,44433300,48910700
2025-01-29,5780200,37177400,68033600
2025-01-30,5622300,39281300,98092900
